Filenames,ox,oy,oz,ux,uy,uz,vx,vy,vz,width,height,nr,vole_depths,depths
png_downsampled_xy000.png,494.40805361964374,334.37378867770195,388.0768031208298,-602.1750694200591,-0.052537163784052154,14.651203315914813,-10.271103464310045,16.361330894506295,-478.20723744333964,360,302,0,415,342.37195737180224
png_downsampled_xy001.png,494.30113189960235,481.155443458153,414.63588910543865,-584.0469913753029,-0.1331289644618323,16.6130174265586,-10.793410256322375,16.422294530340423,-479.9785341627098,360,302,1,414,490.0617973515928
png_downsampled_xy002.png,502.884211769241,478.9877998657705,399.13426702652305,-576.6381921556341,-0.3922185913229441,24.027845560665412,-18.49350489042638,16.364914730860164,-478.132956578448,360,302,2,413,487.37042363610186
png_downsampled_xy003.png,477.29874797672835,478.2796465142804,376.1568353222747,-490.23289331113,-0.05717619272934371,12.348836730746882,-16.587044228356774,14.802872102696028,-432.49790552665746,360,302,3,412,485.8574342991661
png_downsampled_xy004.png,476.0792719153522,480.40800434192334,374.0143793928323,-485.89931245098023,0.06361846379002145,8.722229593891313,-14.673298321106245,14.579273995992878,-426.0012267471657,360,302,4,411,487.9116163718077
png_downsampled_xy005.png,462.5486670684057,468.74113605932143,366.4132336890619,-459.5129568135754,0.03305938577392453,9.041149279805381,-12.272051910656955,14.129003730654347,-412.88691650936175,360,302,5,410,475.97472724109036
png_downsampled_xy006.png,459.3501706232297,468.290767657711,365.79899497344104,-453.35656647094726,0.12539929387656912,6.20690407991583,-10.56786519899623,14.001064163687374,-409.18287918246267,360,302,6,409,475.5009709114319
png_downsampled_xy007.png,456.83375630023795,467.5128234987207,366.90130134901307,-446.41315715365306,0.12845971340198048,5.966190223493811,-10.36681386475152,13.938196402551512,-407.34890615721764,360,302,7,408,474.75884907161577
png_downsampled_xy008.png,452.6672453462287,466.1407760056371,365.732642194635,-437.9604825530397,0.1950343716364955,3.835349875720567,-8.864605986586753,13.75185132225397,-401.9326012173723,360,302,8,407,473.343732656178
png_downsampled_xy009.png,452.6100874600937,463.09142984442235,363.4200017172196,-438.34520694095113,0.11137289758244151,6.290121394358323,-9.321851147079883,13.818507722048196,-403.87178024558034,360,302,9,406,470.2152564872604
png_downsampled_xy010.png,453.0047627409806,457.9468355132223,361.27339931028155,-439.42613967822126,0.18021207863381505,4.300697877029222,-5.393553099345354,13.588079116353867,-397.2192424644618,360,302,10,405,464.99754682854314
png_downsampled_xy011.png,455.48406654372985,451.7369077913494,357.9182385798081,-442.54557926679297,-0.017964626553293783,10.163634172319291,-10.664282872941556,13.677696234434961,-399.7249946736076,360,302,11,404,458.67472627048636
png_downsampled_xy012.png,455.55972420691114,449.5591040488462,356.6822270491914,-444.18237384047245,-0.038727128310767966,10.806410428048423,-11.39997703394124,13.662786859248342,-399.27299831420794,360,302,12,403,456.45470988559623
png_downsampled_xy013.png,450.13821391961835,447.0806054192097,355.69679717844895,-433.00409222009876,-0.0037660236342844655,9.540638152267377,-10.614511039533454,13.53067183104099,-395.4268548949616,360,302,13,402,453.9384736593641
png_downsampled_xy014.png,449.1543244848179,444.633139826479,356.1676662160984,-433.3115048436457,0.06269846554050673,7.6038076392409835,-8.557929822442702,13.485593095799572,-394.15347293216723,360,302,14,401,451.5063779905472
png_downsampled_xy015.png,448.47879005274854,442.5495662047805,357.15719315086335,-430.9737598268024,0.03342158000191375,8.408995231706683,-8.73452843194542,13.551285798710637,-396.07058424024524,360,302,15,400,449.45614096553965
png_downsampled_xy016.png,445.2047696197277,440.27065509830726,356.93763362979496,-425.70452755762676,0.05858979817173804,7.558277082127802,-7.809525509464152,13.50428031235981,-394.7162161049634,360,302,16,399,447.1672828780335
png_downsampled_xy017.png,448.5032915922652,435.8603821309903,361.31359154682985,-432.3112675856705,0.04886651827075639,7.9864909968831626,-7.771364507368503,13.718184607335843,-400.97194374829473,360,302,17,398,442.9091152168231
png_downsampled_xy018.png,449.55672779347003,432.0303471661056,364.0505568757005,-433.5832982889244,0.04491503432564059,8.129742476929835,-7.528604678850911,13.787930196368507,-403.01670111435334,360,302,18,397,439.1734633098434
png_downsampled_xy019.png,446.9458976412427,430.1612237105474,365.3991226652018,-428.4972168011773,0.08320558661841915,6.899295620960174,-6.482469504401138,13.745664864710989,-401.80358069807426,360,302,19,396,437.3485134056457
png_downsampled_xy020.png,447.8087596616679,426.834364141859,365.8722587255814,-428.7868192758456,0.060384736808998696,7.5729203341171,-7.198560085097881,13.813120233915242,-403.7604853874426,360,302,20,395,434.03847675844366
png_downsampled_xy021.png,446.93968355176685,424.7987043001135,366.54929404937536,-426.3825601324844,0.04262580709183794,8.039856233725573,-7.169078132378104,13.85928163697946,-405.11095919030777,360,302,21,394,432.0253228071993
png_downsampled_xy022.png,446.78080652981475,422.3916518318606,368.3267250968007,-425.77059701345655,0.056117978660893186,7.631995899558888,-6.895189986513117,13.932644241327864,-407.26216170094614,360,302,22,393,429.67893640692597
png_downsampled_xy023.png,445.69016324250515,420.9112691012667,369.2440279478802,-424.5126697909611,0.10379212698296669,6.210532414001932,-5.428470039159322,13.949740699601819,-407.7940330045372,360,302,23,392,428.2291111861111
png_downsampled_xy024.png,447.1825161527754,418.1659520579556,370.504608967818,-426.8537669584596,0.12123499809933946,5.751462940784052,-5.4960782943761615,14.05328073028818,-410.8202331722996,360,302,24,391,425.52801487247416
png_downsampled_xy025.png,447.00719925748865,417.01508902537006,370.6541791131142,-425.85618670810675,0.13610419557022624,5.2768018472421545,-5.555728736053766,14.052612417630257,-410.9963097500394,360,302,25,390,424.37832603339086
png_downsampled_xy026.png,444.7599942404196,416.63743628508684,369.8214146754782,-422.1518418237381,0.1345535485218079,5.241630463894694,-5.251231005576528,14.044363839090579,-410.76161243086807,360,302,26,389,423.97053814347066
png_downsampled_xy027.png,444.21787923500847,415.36606626820077,369.91866545746666,-421.3808949833915,0.1284846022890065,5.402419571031828,-5.3275052860277015,14.080723730050977,-411.8236833627961,360,302,27,388,422.7020894335821
png_downsampled_xy028.png,443.85887614403066,414.683886256424,369.89961208352605,-420.339998317814,0.12649996735893865,5.437850902107016,-5.474977079670225,14.076863144747506,-411.70753352002987,360,302,28,387,422.0189913574626
png_downsampled_xy029.png,443.99366058743846,413.6341256842558,369.8328438128374,-419.87668354015864,0.11843516692016465,5.66371817599304,-6.182976967576963,14.087326544458278,-411.99825345620224,360,302,29,386,420.96704870755343
png_downsampled_xy030.png,443.92163077335897,412.75203525285576,369.5561901156942,-419.3795980884655,0.11412351836833068,5.779050662157033,-6.4573256698167825,14.080897710152385,-411.80420964502343,360,302,30,385,420.0754482996528
png_downsampled_xy031.png,443.1789532562796,412.8279962212622,368.4112857491927,-417.60040249346525,0.10266566649249853,6.0755749978096105,-6.887575885466958,14.024167695008714,-410.1351865320719,360,302,31,384,420.1117227748429
png_downsampled_xy032.png,442.28473040869955,412.3191620882248,368.2100215409396,-415.90464394514674,0.10554667290580255,5.954421996741075,-6.704968638211028,14.007146527982457,-409.6411923277581,360,302,32,383,419.59534459646414
png_downsampled_xy033.png,441.5946580304811,411.61808210880224,368.3232740635167,-413.87620534424764,0.11080557497371046,5.756469191221754,-6.7191314776830495,14.005132091529902,-409.58195104962607,360,302,33,382,418.89762293428123
png_downsampled_xy034.png,441.1111113650894,409.7989854161634,368.31185023186845,-410.989604673366,0.11840488842705099,5.471388673880256,-6.675166919768799,14.00120030761866,-409.4678809090449,360,302,34,381,417.07777639686395
png_downsampled_xy035.png,441.1301109047416,408.7402139960025,367.8965170531796,-411.1746197725733,0.10919535737815522,5.744841082734581,-7.040910511932566,13.98876487034289,-409.09612361101773,360,302,35,380,416.00482236853327
png_downsampled_xy036.png,440.9633294014696,407.7532028856219,367.6187060561907,-410.50750601403274,0.10818264798223254,5.759964674518187,-6.94650401388202,13.998392613405315,-409.37984109686823,360,302,36,379,415.0081913113383
png_downsampled_xy037.png,439.9968181499114,407.095743803809,365.9927992028863,-408.0556433160555,0.11809539260713109,5.416655346286802,-6.992184433429657,13.88963492981236,-406.19708074261183,360,302,37,378,414.2944379792039
png_downsampled_xy038.png,439.294986312938,406.35734172827,365.4362697926651,-406.67738428735856,0.11423993700338997,5.499484220155864,-6.949832255282104,13.871252108331475,-405.66020110118495,360,302,38,377,413.53649132801905
png_downsampled_xy039.png,438.39119470598615,405.84026689320615,364.9573781713173,-405.0391940850862,0.10677854416974242,5.682155484919349,-7.123172629552016,13.841993353241492,-404.8004507569856,360,302,39,376,413.0023756032514
png_downsampled_xy040.png,437.6081753336567,404.876924724228,364.6956492162385,-403.63516221095983,0.10339293700650387,5.750678232612358,-7.101640163495233,13.824375392545505,-404.2854951388284,360,302,40,375,412.02950524966144
png_downsampled_xy041.png,437.4937533398416,403.8715036697396,363.8236853206125,-402.6485380106923,0.09533867199758106,5.96486001062101,-7.409724239789114,13.799113428135172,-403.53974387667733,360,302,41,374,410.994194104465
png_downsampled_xy042.png,437.64164045787106,402.8947492620853,363.2749973773916,-401.9840668948846,0.07935307300095928,6.418081318323971,-7.915592767223359,13.803597181397322,-403.659920492468,360,302,42,373,409.99879460228476
png_downsampled_xy043.png,437.1617088269668,402.0303683613881,362.90578876082634,-400.8522332001053,0.08680341956232951,6.175509805602587,-7.967813986636656,13.7723087350127,-402.74342411134455,360,302,43,372,409.1214369232689
png_downsampled_xy044.png,437.5648266559084,400.79958903888246,363.1350175887276,-401.0027656956345,0.09208430282660629,6.0242871191480845,-7.822246521092154,13.777028600159099,-402.8846717049566,360,302,44,371,407.898792556736
png_downsampled_xy045.png,437.0890503913617,399.81095810427416,362.86967219164694,-399.76146606747307,0.10916923624773744,5.497470347195531,-7.5902559042157804,13.729315043651923,-401.49382872282735,360,302,45,370,406.9007381318019
png_downsampled_xy046.png,437.3339758822749,398.8199379827406,362.6861549244109,-399.67427568326593,0.11551888727410642,5.309811882031283,-7.743861836441511,13.696935903092992,-400.5432196240787,360,302,46,369,405.9036271119073
png_downsampled_xy047.png,437.1268894416776,398.0003582021019,362.5237556216734,-398.65968422219044,0.1115687830778711,5.403315940339553,-7.802269966605422,13.678094417468685,-399.9907316344463,360,302,47,368,405.07834237478704
png_downsampled_xy048.png,436.6989042601225,397.47909915168407,362.3236994012109,-397.3788550626831,0.11291691464697351,5.336028729510872,-7.790678182805777,13.638340987673871,-398.82797497935655,360,302,48,367,404.5499270323045
png_downsampled_xy049.png,436.2550380120824,396.8330376658754,361.787513129936,-396.33627059678554,0.11020007092457718,5.392844498376007,-7.9453952351447015,13.56442130352525,-396.6620492914164,360,302,49,366,403.8852080188352
png_downsampled_xy050.png,435.5796204660468,395.8394505791529,361.9140406270669,-395.33491997734563,0.10645595012323383,5.457374715686456,-7.9315844776983795,13.556495232150894,-396.5110691154184,360,302,50,365,402.89361262582594
png_downsampled_xy051.png,435.0427835194412,395.39666918257655,361.4250629226449,-394.23871031447334,0.10572188952852457,5.455084031652746,-7.964500733163163,13.52569938879941,-395.60922409360336,360,302,51,364,402.4337227670292
png_downsampled_xy052.png,435.0763446318085,394.9366755675565,361.20651911420566,-395.1920021297374,0.1127886067546342,5.268972561584576,-7.584101554048232,13.517723674206707,-395.38409162502194,360,302,52,363,401.9662853657798
png_downsampled_xy053.png,435.39050697538875,393.4052130046954,361.6320636162387,-396.2912282725467,0.11392525080930227,5.2595486749062275,-7.38351968109788,13.550493942917797,-396.3473463222469,360,302,53,362,400.4495984618279
png_downsampled_xy054.png,434.81884720772166,392.9896654985931,361.16249428324215,-395.5613203743887,0.11911152399721914,5.091963576400133,-7.1814917762357595,13.524750726488207,-395.5984419781874,360,302,54,361,400.0175799899396
png_downsampled_xy055.png,434.7023177739991,392.1877969629173,361.43968343602955,-395.95930143722774,0.1316511456887497,4.733665281257004,-7.036214265300885,13.555133627112582,-396.4906414468777,360,302,55,360,399.2250979186084
png_downsampled_xy056.png,434.2550650913654,391.83578159035335,361.1737507852562,-395.64868408551195,0.1421829545850528,4.41875361402623,-6.987135035668416,13.548227944369614,-396.2896351440716,360,302,56,359,398.8636629657447
png_downsampled_xy057.png,433.897023162438,391.280928260828,361.2809053967747,-395.8886406155359,0.15203750416469575,4.135598356059916,-6.841985677462617,13.566935200206899,-396.8401839248419,360,302,57,358,398.31220629399064
png_downsampled_xy058.png,433.7855142134873,390.23469796999905,361.23324161654944,-396.5375887994338,0.17177117119359764,3.5722338970890632,-6.469933705781671,13.536967624292174,-395.9713560427354,360,302,58,357,397.2642644773588
png_downsampled_xy059.png,433.74667645844943,388.643542338573,362.15398840256626,-397.2819246203984,0.21003241022731345,2.468793622628368,-5.439671741292727,13.570189618134407,-396.9658211096869,360,302,59,356,395.70454623519913
png_downsampled_xy060.png,433.95259775782404,387.69116333442787,362.0706283550333,-397.90104223042,0.22189810286158718,2.1350105829366726,-5.071496467660268,13.578433591379223,-397.21503624525275,360,302,60,355,394.74947100961225
png_downsampled_xy061.png,434.2956945316487,386.0512993598186,362.315093647549,-398.6604536713961,0.2180298450739997,2.2646686365590085,-4.921608073710672,13.602150432870815,-397.9122760330486,360,302,61,354,393.11821579815484
png_downsampled_xy062.png,435.0524197608403,384.82072000597026,362.15223210840213,-399.6812515026974,0.21743146997062013,2.30431256687325,-4.946106045648435,13.62317922593519,-398.5270793417613,360,302,62,353,391.8826314532407
png_downsampled_xy063.png,435.2767519954259,384.0635507755574,362.071345752988,-399.87461943437825,0.19809875697711732,2.874209114580367,-5.314323198347836,13.637747322168195,-398.9453793496145,360,302,63,352,391.12286419137575
png_downsampled_xy064.png,435.5499997395849,383.1563731957693,362.13183223894856,-400.81057507086246,0.20309246367469314,2.748381254605931,-5.189016822721442,13.664598295547194,-399.733795240432,360,302,64,351,390.2179562111598
png_downsampled_xy065.png,436.6229420868036,381.51215015248084,362.69318058180215,-402.6084608902299,0.18618085506739135,3.2822253470087617,-5.66962310308935,13.723692314375455,-401.4525515698332,360,302,65,350,388.5937121427565
png_downsampled_xy066.png,437.98221442756096,379.42994572537015,363.2400052436261,-405.0291440296669,0.18335776220970956,3.417323453106178,-6.244933785259434,13.765974251206273,-402.6773078436326,360,302,66,349,386.5312025353196
png_downsampled_xy067.png,438.6551812904354,378.27265710276083,363.1733776887056,-405.95114007869313,0.16431688818573775,3.994480445592899,-7.0091504457523115,13.79545452305723,-403.5233718005378,360,302,67,348,385.3721356623012
png_downsampled_xy068.png,439.64940374790945,376.7833612966173,363.83619793897174,-408.8321021166046,0.15494939725488166,4.331058100752671,-6.80390009991828,13.89466538077454,-406.43087762400546,360,302,68,347,383.9062282728066
png_downsampled_xy069.png,439.66661261571363,376.1800759570101,363.6185141684912,-408.81656640218154,0.15493099838795388,4.331259593642926,-7.066201027738032,13.906714716540137,-406.7777712666786,360,302,69,346,383.2955164235765
png_downsampled_xy070.png,440.2611744425559,375.72151691580046,363.49109352933317,-409.957967185076,0.1555230897411093,4.338684104939034,-6.904283116910449,13.941029818740503,-407.78539318330866,360,302,70,345,382.8330434162678
png_downsampled_xy071.png,440.23472192705935,375.31521192657385,363.5035926664442,-410.20003447034946,0.15478828900296548,4.365434571883043,-6.6275629033765995,13.97046128685929,-408.65260139976056,360,302,71,344,382.42714598658154
png_downsampled_xy072.png,439.69000188354585,375.9508595334621,363.2485026920301,-409.30025615189663,0.14333939279589458,4.680935535945423,-6.904420267480077,13.986642164659827,-409.1200740015715,360,302,72,343,383.0536723376968
png_downsampled_xy073.png,438.45894385399293,376.65404890317546,362.0897873028457,-406.9229842282672,0.14134486535095903,4.687749597400227,-6.993827200078556,13.965506049091175,-408.499661490568,360,302,73,342,383.71635077354534
png_downsampled_xy074.png,437.1694986881172,377.784931056314,360.85598519877044,-404.0703243174625,0.13736250675270867,4.742422229434226,-7.3253441360943725,13.902879578587942,-406.6599300613298,360,302,74,341,384.80411266507116
png_downsampled_xy075.png,436.76430797496073,378.84574068302743,360.48741437666376,-403.3426341655894,0.14901919587180146,4.4663044327728585,-6.980160235881897,13.948557632070049,-407.77592020715025,360,302,75,340,385.8573070011695
png_downsampled_xy076.png,436.5233145095366,379.0143971796623,359.77744178280255,-402.1987535631836,0.14052220244769842,4.68977483541579,-7.007542960540263,13.952921474246182,-407.9029426473253,360,302,76,339,386.0015066770439
png_downsampled_xy077.png,436.8145611568707,378.3415606141361,359.7100968055556,-402.2232059127098,0.15698350650973225,4.2088953449135715,-6.469181106386259,13.957351368070249,-408.04427424523186,360,302,77,338,385.3265852225918
png_downsampled_xy078.png,436.1755394397277,379.45687901046466,359.4414497737039,-401.5682588846744,0.17229315460986072,3.7468322774515173,-5.790444814409625,13.96877738880471,-408.3932802479332,360,302,78,337,386.4322395553935
png_downsampled_xy079.png,435.03962656099964,379.57051467993307,359.62493886249615,-400.08398219134784,0.18374549635444737,3.379432752194475,-4.929271078160355,13.985752421065627,-408.90855971246583,360,302,79,336,386.55129961155774
png_downsampled_xy080.png,435.18758176630456,378.19023053759094,358.976391324283,-400.17639131973976,0.18986557878679378,3.2024713381937318,-4.299368013855428,13.947376302840667,-407.8000228351917,360,302,80,335,385.14894996403143
png_downsampled_xy081.png,434.51683189277657,377.78811651686544,359.1481461671798,-399.2171653052036,0.20458314690012003,2.751066710148848,-3.8176965236583555,13.941618369618254,-407.6421689084601,360,302,81,334,384.75220707952576
png_downsampled_xy082.png,434.3504504643122,377.5315723755882,359.0127735845299,-398.8039610571206,0.206623696477493,2.6823502526815446,-4.197542341272936,13.897240089545733,-406.33600601676807,360,302,82,333,384.4909095906895
png_downsampled_xy083.png,434.4504936832378,376.77778966541507,358.1063737204224,-398.7423130193703,0.1889600976351744,3.197577352681151,-4.9931372428430905,13.848539027549407,-404.89432658379224,360,302,83,332,383.70620862796306
png_downsampled_xy084.png,435.37526434201106,375.1124438541248,357.92073462353244,-400.5176139570327,0.17628385643541833,3.6071371884754626,-5.968277329991793,13.850408187641392,-404.9276562871498,360,302,84,331,382.0352069595191
png_downsampled_xy085.png,436.83229867619764,372.6735788329252,357.65558883530355,-402.85158773648686,0.15880026011882364,4.169511927347912,-7.193621077978605,13.832642204997796,-404.38127792445147,360,302,85,330,379.5883656428125
png_downsampled_xy086.png,437.4894381839217,368.5716284054275,357.1584386539259,-403.8196454904534,0.14547518116000902,4.580386145294142,-7.926025529524281,13.759329516139076,-402.22120854758253,360,302,86,329,375.46990745230755
png_downsampled_xy087.png,437.87908483620276,366.59460251033295,356.96444075735826,-405.02595845296344,0.15615864197587825,4.294337926109733,-7.804693599907125,13.746793117654988,-401.8572333402393,360,302,87,328,373.4865395589487
png_downsampled_xy088.png,437.1691465156515,365.6303877560628,356.66231417908676,-403.8249682212122,0.16228151983818861,4.08899753589975,-7.32055316914807,13.723317661255521,-401.1812805710632,360,302,88,327,372.5114629017826
png_downsampled_xy089.png,437.23773613276137,362.5804103733361,357.186515722924,-404.04539818956243,0.18365214246813366,3.468831580288679,-6.052716615643533,13.699517599770331,-400.5129805023249,360,302,89,326,369.47946118003824
png_downsampled_xy090.png,437.20197127427076,361.0718888727745,357.9279836211923,-403.7993260297951,0.19101042978661553,3.2482532299735567,-5.327125440473367,13.721687002113981,-401.1772041629687,360,302,90,325,367.99626639710476
png_downsampled_xy091.png,436.74441088006904,359.8238198059854,358.27953302457325,-403.2111557445465,0.21485268317758255,2.5381131844606557,-4.243488631357081,13.688943430621805,-400.2433192230286,360,302,91,324,366.7598757793601
png_downsampled_xy092.png,436.1265053898736,359.4488386757263,359.24084496240096,-402.5232500234091,0.22610958439162232,2.1938524984475976,-3.4231161238978984,13.727298956715117,-401.3829832731924,360,302,92,323,366.41730313469577
png_downsampled_xy093.png,435.4897148254795,359.04215891238744,359.51494904353467,-401.40109239578055,0.235157069648551,1.9047060282444477,-2.756747918549081,13.711748226927398,-400.9427776885926,360,302,93,322,366.01951960327295
png_downsampled_xy094.png,435.0665453672991,357.8372198717834,359.64151326257945,-400.7552126544638,0.23067784249224133,2.0215713322945703,-2.524167472052227,13.675711490031802,-399.89396383603565,360,302,94,321,364.81859168104296
png_downsampled_xy095.png,435.25257671169794,356.8107353115673,360.51636543883035,-401.330430007776,0.2350679824388635,1.9057654348998767,-2.119865504055838,13.705209060754783,-400.7654721666574,360,302,95,320,363.8221606547326
png_downsampled_xy096.png,435.81795412932706,354.9960473316875,361.85248203558956,-403.29773519140105,0.23306758577081155,2.0073085292661403,-1.990556928481169,13.79087837799068,-403.2737192138956,360,302,96,319,362.05358229665234
png_downsampled_xy097.png,438.3173861109153,349.3919406458011,365.01277318230257,-409.5329725137598,0.23245136229655827,2.161745766653894,-1.8992763062503855,13.957325150614793,-408.1434887144895,360,302,97,318,356.5594072233094
png_downsampled_xy098.png,439.3322956538156,345.12915452181295,367.17869451582305,-412.64617321381786,0.23010649767257974,2.2984330154879444,-1.3518376273756871,14.060493703951806,-411.1726526937106,360,302,98,317,352.3714410433719
png_downsampled_xy099.png,440.95184328311393,340.5483308186088,369.7947838063986,-417.3784532478519,0.22181361046983739,2.6444940107957677,-1.0516339149735927,14.222267605480795,-415.9103339082367,360,302,99,316,347.88128248375824
png_downsampled_xy100.png,441.81608782584965,338.46224568313954,370.0176835213756,-418.9143705911497,0.20214015844123878,3.3258453837534034,-1.6698735751854201,14.21517392447754,-415.6842584887303,360,302,100,315,345.8048127666339
png_downsampled_xy101.png,441.7045948519649,338.3284538747479,369.79982678732756,-419.14640125253965,0.19488583015976246,3.543113825335695,-2.0055325717571577,14.214015664627368,-415.64298375619825,360,302,101,314,345.663487494818
png_downsampled_xy102.png,443.429649365612,333.5783141087709,371.11135147511925,-423.61794499756354,0.1698426352113529,4.374100360854072,-3.0653077125875825,14.30032411636256,-418.14369529818174,360,302,102,313,340.95949472941834
png_downsampled_xy103.png,443.38354577448007,332.527066331552,370.9490326024494,-423.38462876901235,0.17569883127629282,4.197691782596735,-3.6885715007652493,14.277897673855591,-417.47409315389706,360,302,103,312,339.90266185541003
png_downsampled_xy104.png,442.68105897866377,333.4468839105202,370.06135880775105,-421.5705658723374,0.1893864015759732,3.7573988118457464,-3.793410613350204,14.221513570967886,-415.8228349422258,360,302,104,311,340.79159662143763
png_downsampled_xy105.png,441.3298721580299,334.59013668622197,368.7944498352384,-419.02854953256053,0.18932561995580954,3.703122788072733,-3.6891265850842956,14.12119759340294,-412.8914055895046,360,302,105,310,341.89050988581084
png_downsampled_xy106.png,440.19154909280996,335.91021846328874,367.5741725706269,-416.90039117117067,0.19579308748564017,3.4670548014305496,-3.6523183435895135,14.040400657245414,-410.5293203975251,360,302,106,309,343.1680071776306
png_downsampled_xy107.png,439.7612645744505,335.6708702831834,367.2934130386732,-416.5671324782828,0.19450672334829733,3.4973257377148457,-3.6285969340547126,14.014703334831722,-409.77832831874235,360,302,107,308,342.9187342638366
png_downsampled_xy108.png,439.498431578531,335.84448060225714,366.8836218475702,-415.9268092950468,0.18398149374274908,3.7910151743413962,-3.6974224186038214,14.00318174935876,-409.43986325480546,360,302,108,307,343.07813399793747
png_downsampled_xy109.png,438.25629556465674,337.9769970120326,365.38258136796486,-413.3452275948946,0.1875716504665661,3.629095440489948,-3.6520111602158067,13.920065600278747,-407.01014265887113,360,302,109,306,345.1583872245293
png_downsampled_xy110.png,437.5325622126204,338.3052536942387,364.5029231238622,-412.35265566752264,0.18847384742718987,3.580823760989574,-3.5932114049688835,13.860163154371094,-405.25959929470804,360,302,110,305,345.45601915763757
png_downsampled_xy111.png,437.15612567816675,338.59225449424474,363.767259826734,-411.73787006390285,0.1826975009279863,3.73619579730331,-3.9191084181451856,13.82805952373775,-404.31354611266,360,302,111,304,345.71758083834334
png_downsampled_xy112.png,436.7956292724699,338.4692060861183,362.99350911714237,-411.25740339814377,0.18463072743907105,3.669064127109664,-4.145231397989562,13.775860253335338,-402.78199842209085,360,302,112,303,345.56780296823325
png_downsampled_xy113.png,436.1700473089061,338.63599858519586,362.40648122825655,-409.67013246495935,0.1660149586142552,4.178479439631701,-4.6995102663103125,13.786634074784047,-403.0848552461461,360,302,113,302,345.714050932474
png_downsampled_xy114.png,435.87222450037586,338.2280237032735,362.04996037042565,-409.281504446173,0.15359432797356476,4.533149743644856,-5.240312660032714,13.768145850513974,-402.53224417072107,360,302,114,301,345.29366060975076
png_downsampled_xy115.png,434.8906127374978,338.74721017795025,361.57579373309164,-407.6503680925766,0.15019008159828218,4.596738612436241,-5.651149123667892,13.748724884986302,-401.95522104437566,360,302,115,300,345.795893280421
png_downsampled_xy116.png,434.93413586749705,337.7281877628539,361.3040522130299,-408.0452758771655,0.14490214052733563,4.760091870119538,-5.995531587254845,13.73594663782336,-401.57392879714956,360,302,116,299,344.767611747763
png_downsampled_xy117.png,435.02313840395584,336.6478270237331,361.0111435107383,-408.68189463983276,0.14630541418381426,4.7330912716165585,-6.154292900602627,13.716439711954934,-400.9999502376384,360,302,117,298,343.67730239183453
png_downsampled_xy118.png,435.1905375369813,335.32749750674145,361.15252545933635,-409.25346507150334,0.13660865872941486,5.029275341635241,-6.444148305059457,13.72639564127877,-401.2847186606405,360,302,118,297,342.3619335117108
png_downsampled_xy119.png,435.1485571357127,333.98200705393714,361.57318410350683,-409.53310443712337,0.1416536512027733,4.887901413521774,-5.97272954998914,13.728252147034766,-401.34940712785806,360,302,119,296,341.03079541446016
png_downsampled_xy120.png,434.6419572824391,333.26470571162713,361.9692684077794,-408.5007936554374,0.1374708687305315,4.987463080631812,-5.920346559448717,13.734022384437765,-401.5193121269473,360,302,120,295,340.3266558061984
png_downsampled_xy121.png,434.46867671697464,332.78104050211476,361.97517739930083,-408.24731436064167,0.13412840153733896,5.079623709413681,-5.999430857806544,13.727254076835834,-401.3196298968356,360,302,121,294,339.8430619941719
png_downsampled_xy122.png,434.2996289194873,332.2188798892747,361.848367197534,-408.16343993094176,0.13093462363565322,5.171175865537293,-5.994761593113594,13.718204501692469,-401.05507910293545,360,302,122,293,339.27643776792354
png_downsampled_xy123.png,433.83877547572445,332.31932573215767,361.2650205004039,-407.582646562073,0.13620008992234034,5.004380949047913,-5.795696049215451,13.688506845631423,-400.1909642239436,360,302,123,292,339.3565891570883
png_downsampled_xy124.png,433.7201674014194,331.54496638237157,361.0217127418598,-407.7567788465831,0.11923010357855901,5.504505954776732,-6.278603378082948,13.684358594556443,-400.0590006032726,360,302,124,291,338.5738207062739
png_downsampled_xy125.png,433.8231310475295,330.92719919078036,360.72130185265416,-407.8330920452149,0.09760352926292626,6.219175995070714,-7.1457625809414935,13.685844112048017,-400.0477284148102,360,302,125,290,337.94784391169406
png_downsampled_xy126.png,434.1326727336851,329.7637067873354,360.5810985968411,-408.61441907729227,0.07428291835719847,6.918508961701946,-7.9276859711028465,13.699113859599436,-400.4183714819361,360,302,126,289,336.7797924864198
png_downsampled_xy127.png,434.057910934604,328.9153283837979,360.25071960850016,-408.85323593644284,0.0658444741681592,7.170582309041265,-8.303330745595304,13.660552768527452,-399.28239603318104,360,302,127,288,335.9200592541777
png_downsampled_xy128.png,434.1715878653466,328.29813470722337,359.80149120165123,-408.98669728388927,0.0482548094501567,7.687915243626264,-9.040021534052073,13.654332539817517,-399.084112059082,360,302,128,287,335.28758982722115
png_downsampled_xy129.png,434.277000482883,328.0827907135713,359.0328328277483,-409.2368657971171,0.03454894380428186,8.094273093600236,-9.445737417030443,13.61649821636604,-397.968720020951,360,302,129,286,335.04604026855566
png_downsampled_xy130.png,434.66928823241506,327.1298704672681,358.42890285106625,-409.88510988284213,0.024438917856173248,8.404336274848902,-10.088712919849513,13.581292066860442,-396.92490357812227,360,302,130,285,334.0727659194157
png_downsampled_xy131.png,434.97566273532857,326.3269085550266,357.8649163726416,-410.1971393587389,0.010214327870812667,8.827239126299617,-10.819498607292303,13.560934064908338,-396.3133287901933,360,302,131,284,333.25075048675353
png_downsampled_xy132.png,435.46030323932615,326.2550697998207,356.910801625162,-410.38989995704827,-0.014554356095118237,9.555822961303136,-11.686705439913055,13.55723887947562,-396.18597942849226,360,302,132,283,333.1466526436894
png_downsampled_xy133.png,435.7070269110693,325.6366087332085,356.0871963371284,-410.27497782818773,-0.032899269710981116,10.089715215539059,-12.279891554886774,13.531114763165874,-395.40885098599006,360,302,133,282,332.50021450555124
png_downsampled_xy134.png,436.1646439447139,324.1756971121698,355.6949828146523,-411.1155628191545,-0.04196589360685721,10.37354596924888,-12.506727251060909,13.511195107930462,-394.82130621644444,360,302,134,281,331.0262385388765
png_downsampled_xy135.png,436.6768913886857,323.27077946057466,355.18063123132504,-411.49700431423906,-0.05764418913815916,10.840502884008856,-12.816696207040877,13.497462349498221,-394.4128315419825,360,302,135,280,330.1041213566237
png_downsampled_xy136.png,436.8030217438419,322.4213556922189,355.02175866219517,-411.55220704353246,-0.04550588081241358,10.486777938708826,-12.186452881262198,13.468647702747433,-393.58424403897,360,302,136,279,329.24936059275035
png_downsampled_xy137.png,436.6590355709503,321.5743405477322,355.17687958281005,-411.4365952083938,-0.027000243693521497,9.943056899458213,-11.318811575781297,13.448085734499273,-393.00226607498604,360,302,137,278,328.407540563723
png_downsampled_xy138.png,436.5794481642356,321.0155257785507,354.9500171703189,-411.3677700320796,-0.0047652754858518165,9.291322220273742,-10.337766224842198,13.419502979735569,-392.1882641731752,360,302,138,277,327.8409072440228
png_downsampled_xy139.png,436.4879008541068,319.80503975323717,355.2820894637249,-411.40915478526824,0.016567893706906034,8.668410208075613,-9.248792290647657,13.431928150884914,-392.5758329357595,360,302,139,276,326.641707424881
png_downsampled_xy140.png,436.6621722158674,318.9088806312248,355.1004031122043,-411.73749362117917,0.03719150755443934,8.072631347896163,-8.441904047659534,13.42426518643083,-392.36970097658775,360,302,140,275,325.739467771739
png_downsampled_xy141.png,437.3760374842093,316.5632087363818,355.72132780853246,-413.33189769449206,0.05887643926189412,7.473984023497849,-7.694907784061627,13.439842152069332,-392.84182751447315,360,302,141,274,323.4155727106711
png_downsampled_xy142.png,438.054747351185,314.3131112954261,355.20616919839426,-414.62809630065476,0.07339323950259313,7.078315576555497,-7.183953461941144,13.394709143782222,-391.53339831339986,360,302,142,273,321.148374786232
png_downsampled_xy143.png,438.18499877289025,312.4418368034112,355.6624270915294,-414.47817374790935,0.06993405604322334,7.1761349227567734,-7.104337087599845,13.420552110802703,-392.2908795463029,360,302,143,272,319.29280201306136
png_downsampled_xy144.png,438.4208600980447,310.44167515774916,356.20406666490896,-414.8557879318288,0.08716589260990304,6.6806359802843645,-6.869069287870786,13.431831450755567,-392.625948494655,360,302,144,271,317.31134222640026
png_downsampled_xy145.png,437.7893759886716,310.54167815365076,355.39029694698235,-413.39651637614134,0.10107790824105223,6.241350087748117,-6.379497429473815,13.395148112236768,-391.56413206873424,360,302,145,270,317.3830363546741
png_downsampled_xy146.png,436.73723527967627,311.0376597472261,354.5550662243638,-410.8971724176424,0.10681468718598808,6.017988417311017,-6.072744748594346,13.35624049443743,-390.4332051127863,360,302,146,269,317.84965514353917
png_downsampled_xy147.png,436.5885692912441,309.51152692899535,354.98031577568247,-410.7934288170302,0.10265285103412225,6.137382375278889,-5.94787085204905,13.347861935570108,-390.1909742307722,360,302,147,268,316.337951452748
png_downsampled_xy148.png,437.54320908783313,305.80293278973875,355.8837975217133,-412.94066890157035,0.08685887668428904,6.647006920934189,-6.070907954985444,13.368913482637879,-390.8038343595847,360,302,148,267,312.66097991530415
png_downsampled_xy149.png,438.57867431740715,302.43461098521385,356.4338896249444,-415.60524969819517,0.10447648123101771,6.191106872904129,-5.714924724757225,13.359935055607593,-390.5492035576754,360,302,149,266,309.3122573605528
png_downsampled_xy150.png,439.5585458205563,299.38589339958855,357.19385152018185,-418.06436788117946,0.0832075607677325,6.873569191233514,-5.591979385943034,13.391048354521502,-391.47574209953126,360,302,150,265,306.2901276825973
png_downsampled_xy151.png,441.0289364210928,295.52216389708616,358.4073616473699,-420.98018413884165,0.045999901568677615,8.026560060304007,-6.085174937259126,13.448698715528678,-393.1506571933099,360,302,151,264,302.46901436607413
png_downsampled_xy152.png,442.10935407518286,292.86689431530215,359.4913006175551,-423.58837598518653,0.01996407346939577,8.845999974438087,-7.189992443246581,13.503492560510836,-394.72842217394265,360,302,152,263,299.8516333230798
png_downsampled_xy153.png,442.1083851119296,291.6313037132182,360.0051707649129,-424.3319218845378,0.009681197044244527,9.163259217231712,-7.793090789045209,13.516733677521813,-395.10221187172976,360,302,153,262,298.63361413853386
png_downsampled_xy154.png,442.02715592490404,290.7998054210463,360.4060131261106,-423.47530312947936,0.016715914500935014,8.93847009500297,-7.903932653511333,13.528502014196079,-395.4438909070002,360,302,154,261,297.8157610997479
png_downsampled_xy155.png,442.0071131126683,290.9743529697351,359.53125288933734,-422.2852392438176,0.023927347775327235,8.701090123792596,-8.083323879542263,13.476520408989757,-393.91977673701183,360,302,155,260,297.96038034233305
png_downsampled_xy156.png,441.67880296570706,291.70278067881617,358.93216012558685,-421.1446356073483,0.06664207156285329,7.4265731162875,-7.34586940849556,13.418129833029866,-392.22865285127335,360,302,156,259,298.66807172007157
png_downsampled_xy157.png,441.38579324871796,290.62300833892675,359.00705946128295,-420.6159567039234,0.08341162275684155,6.9244045474189875,-7.049755315587845,13.3943126310553,-391.5387481109093,360,302,157,258,297.5906375607418
png_downsampled_xy158.png,441.71324282921654,288.84344935056305,358.8211089379856,-420.6365998311931,0.0705324013370614,7.301496752161825,-7.641537200028949,13.372979488165242,-390.90171967113633,360,302,158,257,295.804969135034
png_downsampled_xy159.png,442.2119319835024,287.8439218407776,358.558438662454,-420.76516170206673,0.0597725215801006,7.6190145903686926,-8.22320727139197,13.357177604019341,-390.42666933430115,360,302,159,256,294.79683905862066
png_downsampled_xy160.png,442.14954768076245,287.1485982365749,358.8854504459099,-420.82988035048754,0.08333766978159929,6.931329500982599,-7.410977426189959,13.336761239789382,-389.8477064004029,360,302,160,255,294.1126503645732
png_downsampled_xy161.png,441.8706213146259,286.31055069073966,359.08831984846455,-421.2041745713727,0.08769537761327229,6.812227606471197,-7.091228119834852,13.306159889559808,-388.95993603881226,360,302,161,254,293.28132774770745
png_downsampled_xy162.png,441.72797212189454,285.3245235815323,359.12516310278056,-421.79570494985626,0.09447924152487985,6.627012635482572,-6.905091024183491,13.302685907403713,-388.8624886083796,360,302,162,253,292.29645192722523
png_downsampled_xy163.png,441.796190361581,284.5663790240228,359.35103811327167,-422.38058484544433,0.1041767147010546,6.3564456746773885,-6.29240607959116,13.306164201692866,-388.9778453114727,360,302,163,252,291.5460832579505
png_downsampled_xy164.png,441.8976842510505,284.1250488949765,359.35519557322345,-422.7798938689305,0.10392453467056839,6.372709601811721,-6.212117373457829,13.303279953089657,-388.89528735002654,360,302,164,251,291.1049725590144
png_downsampled_xy165.png,441.9222542173105,283.6775411341533,359.00835877516175,-423.03539113867134,0.06273721859412262,7.582855948378608,-7.621710599560288,13.29763905575436,-388.6989481321491,360,302,165,250,290.6456231712967
png_downsampled_xy166.png,442.22961080383055,283.3591256918727,358.9618458559516,-423.5470726303256,0.04191622380045601,8.203124245570791,-8.267920389408346,13.300325104178967,-388.76311165241816,360,302,166,249,290.32585116376777
png_downsampled_xy167.png,442.7231052069587,282.9620651702172,359.5823102371298,-425.1071948180215,0.04540047160207905,8.135963925552403,-8.411216858790624,13.314189457435816,-389.1653629135608,360,302,167,248,289.95038353862276
png_downsampled_xy168.png,442.49785629696976,282.57874439578967,360.0221002203907,-425.60037344121895,0.049105538656874614,8.03859406288052,-9.029593228554404,13.322927473359698,-389.4071263587771,360,302,168,247,289.5819302233201
png_downsampled_xy169.png,442.48046899376834,282.09693861975256,359.8390921342857,-426.02529861634224,0.04706554546686448,8.107710045230647,-9.55968118163122,13.319434791933134,-389.2931876815859,360,302,169,246,289.09385311935523
png_downsampled_xy170.png,443.12473688605064,281.19398402263573,359.46644339964075,-426.9276006352601,0.02576803738458011,8.750609123322647,-10.35735984977407,13.320129041963071,-389.2957322107042,360,302,170,245,288.1786459867971
png_downsampled_xy171.png,443.45997456666754,280.0094147620467,359.1031570065575,-427.38986959900876,0.005357581512669185,9.357771843521107,-10.479853275186485,13.331894523954531,-389.6370683769475,360,302,171,244,286.981909091492
png_downsampled_xy172.png,443.7557897204548,278.24805543516567,359.4586085587358,-428.20352963999176,0.033666305094868676,8.54804106923973,-9.147773229319682,13.342594472801068,-389.97962605687303,360,302,172,243,285.2329298742554
png_downsampled_xy173.png,443.8386090071287,277.06695344885435,359.43135481459126,-428.0159623842893,0.043277776676234225,8.262793066111442,-8.70895086102297,13.34183926040879,-389.9673100087973,360,302,173,242,284.0509589734554
png_downsampled_xy174.png,443.6527391908526,275.7370154300874,359.49340357285996,-427.4758286800473,0.04275184114317199,8.266148905717387,-8.277193188801846,13.325056714541972,-389.4861424220407,360,302,174,241,282.7230012616535
png_downsampled_xy175.png,443.3907392943522,274.67711082555104,359.6834173650881,-427.06499917439805,0.057182755492135584,7.7816634460610885,-7.72764238089519,13.314309362718745,-389.2042388145747,360,302,175,240,281.66813198497846
png_downsampled_xy176.png,443.1391785642027,273.44537996110597,359.35394214643685,-426.6500570930375,0.06568054791330269,7.523960972515454,-7.049490624542329,13.293349294945813,-388.60627655327664,360,302,176,239,280.42494461606
png_downsampled_xy177.png,443.5485873556621,272.3834899472923,358.9422228093073,-427.22147872129676,0.0456381606268792,8.122747671995683,-7.1048790090114835,13.29490401583638,-388.6505180343662,360,302,177,238,279.3492861647141
png_downsampled_xy178.png,444.4336190540504,270.81761501904094,359.2762633262763,-428.38544884133853,0.0855495599324172,6.981310690779992,-5.879730870552862,13.304409715308736,-388.9556322071767,360,302,178,237,277.7955033561085
png_downsampled_xy179.png,445.39830403492863,268.98168973771146,360.2786199356731,-429.7075084073084,0.12836381412665787,5.758479718757997,-4.827556708486156,13.324419066226255,-389.56409521197656,360,302,179,236,275.99458290627405
png_downsampled_xy180.png,446.28269219232186,267.62669890484875,360.53626834770034,-430.77956164904936,0.14547644877563926,5.281754977521132,-4.103341143621719,13.336517573860874,-389.9339465568641,360,302,180,235,274.6490715522826
png_downsampled_xy181.png,446.8024095644771,266.56496567025187,360.7991520051141,-431.4114315880888,0.14592476772628515,5.282631693194958,-3.8058349177753144,13.349414409063229,-390.317698798499,360,302,181,234,273.5967207712007
png_downsampled_xy182.png,447.4265301053324,265.16600775005594,360.7059214972265,-431.7072443759746,0.126861150259856,5.846693221061798,-4.176199237500384,13.350911890954023,-390.3532936889603,360,302,182,233,272.19504735602
png_downsampled_xy183.png,447.8683581945256,263.85479314931644,360.73549282628005,-432.0529859987003,0.11516604521563067,6.196368805334032,-4.400168032692704,13.35701512637712,-390.5268240310023,360,302,183,232,270.88517836223656
png_downsampled_xy184.png,448.3463047599564,262.8111561930438,361.1131116980917,-432.3184453778482,0.11572032083739714,6.186035576234531,-4.315701803832553,13.374280029125998,-391.03360377921865,360,302,184,231,269.85481549974395
png_downsampled_xy185.png,448.8706293720001,261.06281671392713,361.5105745787622,-433.12582716158215,0.13376901543841768,5.676076831459909,-4.063371804871622,13.373334635176661,-391.0115416975886,360,302,185,230,268.12046376706843
png_downsampled_xy186.png,449.2263422383885,259.04265796669875,361.721600388534,-433.7696552047072,0.1563580599477632,5.029715524251515,-3.8312044262987683,13.371206876571307,-390.9544551687698,360,302,186,229,266.1077901006608
png_downsampled_xy187.png,449.30881695188384,257.2667661094155,362.0446758876241,-433.9636235711662,0.1813163192713887,4.3041082521140765,-3.613073619755937,13.380846854036065,-391.2412038757939,360,302,187,228,264.3430079250659
png_downsampled_xy188.png,449.6367324887226,256.07372930853893,362.04071054187267,-434.46618729705665,0.19153313775359493,4.016443964752,-3.392460059722225,13.401873137134032,-391.8609986227502,360,302,188,227,263.150083750499
png_downsampled_xy189.png,449.8694103986826,254.69041874043978,361.84430053745353,-435.0778079691188,0.19060282936291628,4.057190203921493,-3.6892148768235984,13.412044975710046,-392.151903484218,360,302,189,226,261.76023326039444
png_downsampled_xy190.png,449.92713854646735,253.44043965942197,361.6611626795655,-435.58554724556797,0.1834745838266656,4.276894708221164,-4.024832666059922,13.418557157743834,-392.3349218373612,360,302,190,225,260.50403565633576
png_downsampled_xy191.png,450.0356013511133,251.69458363462596,361.2751187312964,-435.57201485263533,0.17566331015041214,4.505034858333204,-4.554656543921169,13.404484236579862,-391.911632278366,360,302,191,224,258.7450613362089
png_downsampled_xy192.png,450.6591119841461,249.65702841284738,360.94583266616604,-436.1166513375857,0.1794361429679725,4.406755490228875,-5.080599189047007,13.384954377874664,-391.32884118486226,360,302,192,223,256.6967184678913
png_downsampled_xy193.png,451.00637824281273,247.45885466652703,360.94647934639295,-436.8980245548687,0.2015891237334415,3.7761916573002168,-5.280641137875705,13.371360533784468,-390.92686257901613,360,302,193,222,254.49882969921836
png_downsampled_xy194.png,450.99826360082864,246.27594996406074,360.8245548469073,-436.9602377711086,0.21429592697137423,3.405960010537001,-5.277209615036497,13.35717534674157,-390.51209452834405,360,302,194,221,253.31174976483328
png_downsampled_xy195.png,450.86496763717923,244.95246786687537,360.5573784136556,-436.66383226289133,0.22202241153820523,3.17343839045094,-5.433670336892419,13.345720097238,-390.17362361313303,360,302,195,220,251.97903093062027
png_downsampled_xy196.png,451.08563562935745,244.64143919269216,359.7776511276297,-436.53194937668036,0.2131112874133123,3.4311235966218874,-5.878360725002096,13.335838604368433,-389.8747964541209,360,302,196,219,251.64150727712854
png_downsampled_xy197.png,451.0206058277359,243.74205068381474,359.71120954643527,-436.5788822106416,0.22483710198622475,3.0892425767587497,-5.7004661649631885,13.350981240876195,-390.32157902165045,360,302,197,218,250.73979763843923
png_downsampled_xy198.png,450.8361246930941,242.20320541577732,359.79164235608255,-436.57820107750075,0.24606067705775558,2.4685467086037534,-5.445685607894347,13.347683728736229,-390.2307837870241,360,302,198,217,249.20356304798355
png_downsampled_xy199.png,450.88291113277796,240.9717083580342,359.3481080899935,-436.50483780130025,0.254479350351545,2.2207196164248444,-5.340852340756328,13.339183007171926,-389.98450195288706,360,302,199,216,247.95693518322426
png_downsampled_xy200.png,450.83210382395464,240.3106334065355,358.6338669495427,-436.3147784414195,0.2437773562110408,2.481331714271164,-5.334834514638942,13.327254549169027,-389.6377029184597,360,302,200,215,247.27053472828163
png_downsampled_xy201.png,450.7106813760812,239.20373996279562,358.61563953363986,-436.08211776497683,0.25536621529880676,2.137291069403773,-5.167829351019918,13.316126849206881,-389.31595220343024,360,302,201,214,246.1629265648037
png_downsampled_xy202.png,450.5910964307664,238.08121353827187,358.9459464690412,-436.12748885257895,0.2678885177144821,1.7720760286664472,-4.684291580218485,13.329541670097058,-389.718919054254,360,302,202,213,245.05160455658623
png_downsampled_xy203.png,450.5475984148096,237.77197374369612,358.9838906326684,-436.22291488936173,0.2645797929673108,1.8709415236122027,-4.737201649467465,13.336888397684874,-389.93260847443094,360,302,203,212,244.74362945947894
png_downsampled_xy204.png,450.3494657751272,237.29081782374953,358.9836883887725,-436.04574527178545,0.2633180764485701,1.903937927321408,-4.642520162671303,13.35059192568849,-390.33545331830373,360,302,204,211,244.26231739450498
png_downsampled_xy205.png,450.05021226661563,236.3064261078958,359.11128342069804,-435.97992305581874,0.2622131780932193,1.9348008204953544,-4.510654320815888,13.365403307784419,-390.7715163758263,360,302,205,210,243.28206326008953
png_downsampled_xy206.png,449.94279655442625,234.67352855428652,358.98793568265336,-435.9696875962111,0.2677454560730723,1.7727840508313761,-4.309373282791967,13.357120230759193,-390.5337115695865,360,302,206,209,241.64486706180728
png_downsampled_xy207.png,449.8999842397362,232.9375776825247,358.64318741983914,-435.8405252303121,0.2754014056414178,1.5460409795683177,-4.042222158752793,13.333691923040874,-389.8544357904549,360,302,207,208,239.89709565366732
png_downsampled_xy208.png,449.99042180119284,231.3784361540298,358.6914939119257,-436.0990099487617,0.2897992293671052,1.1306705652174855,-3.7113129665652878,13.333157182590583,-389.84608617285755,360,302,208,207,238.33967402860102
png_downsampled_xy209.png,450.12708442098483,229.87416536903655,358.69326399067654,-436.06409948144415,0.3036340259269821,0.7253033210820377,-3.369862280068901,13.345854989002703,-390.2249542382599,360,302,209,206,236.83556670086412
png_downsampled_xy210.png,450.09416658552504,228.3806442795862,358.5943462102323,-436.0487574272954,0.31042607396685185,0.5263321068604796,-3.0849738917564764,13.35573729995832,-390.52023732891354,360,302,210,205,235.33863843248577
png_downsampled_xy211.png,450.2339239123434,227.69814835595474,358.39380774520555,-436.14136749753015,0.30641258191639054,0.6457464767653391,-3.1862352828664484,13.36186059547245,-390.6970824878207,360,302,211,204,234.64939057719155
png_downsampled_xy212.png,449.8587016815863,228.3108447691253,357.70779916783874,-435.48815689412316,0.2872136861877266,1.1928295848847483,-3.736758331390149,13.34745034018809,-390.2635287167078,360,302,212,203,235.23834706500458
png_downsampled_xy213.png,449.7889244197006,228.28389751511645,357.35865554143476,-435.37383535048195,0.26840812107869283,1.7402797374227816,-3.8198813887410097,13.365590530247829,-390.79220717069387,360,302,213,202,235.19940867087317
png_downsampled_xy214.png,449.62160897256877,227.6038663212001,357.40503798838427,-435.3182101750307,0.262940156436116,1.8989649931703525,-3.5051698428382565,13.387655160763302,-391.4444187851488,360,302,214,201,234.52083745567933
png_downsampled_xy215.png,449.6934886026137,226.5147721099537,357.11052968639865,-435.1983090350616,0.2522007606710872,2.210397329205648,-3.5778488393091266,13.407896563683465,-392.0347772033425,360,302,215,200,233.42172699280346
png_downsampled_xy216.png,449.6729693228547,224.8403293008846,356.99724204212697,-435.6333595715031,0.2543078761864024,2.158357545762783,-3.4517214180793303,13.42614644612479,-392.5712727157787,360,302,216,199,231.743394981669
png_downsampled_xy217.png,449.53017849245254,223.37765357175257,356.8079324200221,-435.63991934397615,0.24598141036057086,2.4020093038299137,-3.6797600444220393,13.44700588222139,-393.176283432645,360,302,217,198,230.27413846897574
png_downsampled_xy218.png,449.5797178444991,222.09624636489366,356.78459347940077,-436.0159347649966,0.24278891836746652,2.503656025969235,-3.9387279974836247,13.461137406598425,-393.58385527480795,360,302,218,197,228.9919705242235
png_downsampled_xy219.png,449.48971940263624,220.96778785896652,356.9718426055789,-435.9322050715785,0.2326557034953396,2.7981573288915342,-4.067996590308496,13.48614083617366,-394.3122325553041,360,302,219,196,227.86984701277888
png_downsampled_xy220.png,449.3387446040092,219.93346910173366,356.86386237807926,-435.8082873422554,0.23361917734698068,2.7672510645071497,-3.94206043947338,13.506247814973904,-394.90303458932317,360,302,220,195,226.8317222782487
png_downsampled_xy221.png,449.22951944423045,219.17818463787523,356.8335969814955,-435.8121184691338,0.25332050483916646,2.1911706381514477,-3.3606497492995686,13.519095975033025,-395.29158528041904,360,302,221,194,226.07532065580511
png_downsampled_xy222.png,448.58721858924173,218.87453703573692,356.8071918918763,-435.4506443134885,0.26836946786016824,1.7431020053787165,-2.469276470214595,13.513570471445519,-395.14962612365196,360,302,222,193,225.77028639187984
png_downsampled_xy223.png,448.3089655057769,217.54278988782303,356.692259404594,-435.6308046876385,0.2895546316490254,1.1275107731656817,-1.8920946918453865,13.492711096792988,-394.5523076919709,360,302,223,192,224.43439967777852
png_downsampled_xy224.png,447.98435126580154,216.88130884646975,356.2182931711277,-435.52229924843994,0.3126957704940594,0.448358751941214,-1.6355452418846994,13.438676858649444,-392.9777287547058,360,302,224,191,223.75646738473597
png_downsampled_xy225.png,447.83839052105156,215.9159025556159,356.14134306681217,-435.7481967902839,0.3301313942193076,-0.10403019742284414,-1.564923492201956,13.407715481420325,-392.08156679973,360,302,225,190,222.78737162025644
png_downsampled_xy226.png,447.71150356503165,214.4603846097115,355.9062151685262,-435.61832629258447,0.33691600419362544,-0.30529633167287784,-1.6005133098745432,13.3745543001491,-391.1109701151399,360,302,226,189,221.32371879085352
png_downsampled_xy227.png,447.73979104609447,213.66356507306517,355.67546348720083,-435.5973458908304,0.3370514206151256,-0.30971650324596567,-1.728308475032975,13.338978311513472,-390.0677300998238,360,302,227,188,220.51903030492437
png_downsampled_xy228.png,447.66681295370506,212.97757164659993,355.2443806795252,-435.58101910852895,0.3338076297432053,-0.2152079399646709,-1.9783928751353415,13.30292199193471,-389.00776218129755,360,302,228,187,219.81824206288962
png_downsampled_xy229.png,448.1630832504685,212.11801817636965,354.77198326871627,-435.62330117303907,0.3170550038271358,0.27565839479223087,-2.7032841786070207,13.269502188678956,-388.01449366381286,360,302,229,186,218.94290772350584
png_downsampled_xy230.png,448.6366245993217,211.1242538333145,354.35912177317067,-436.01497012287723,0.3152795111357136,0.33616832977992317,-3.231296906465275,13.241700683522879,-387.18985054140404,360,302,230,185,217.93538120298837
png_downsampled_xy231.png,449.02230318273223,209.36021197470646,354.1389408353726,-437.0212773800653,0.32236849597839523,0.15090362301259574,-3.245376183090343,13.222000107413237,-386.61338798470234,360,302,231,184,216.16409969153614
png_downsampled_xy232.png,449.25596374155754,208.01050052297862,354.0136165873041,-437.6013012092743,0.32849726887488373,-0.015622548505973555,-3.3575799840153877,13.215678646996395,-386.42605415865745,360,302,232,183,214.81027811467453
png_downsampled_xy233.png,449.55001384048705,206.72725162380715,353.94549119768556,-438.0284270496663,0.3316755876120965,-0.099212344420323,-3.672246258014752,13.221704774175066,-386.5953945617958,360,302,233,182,213.52492016472067
png_downsampled_xy234.png,449.5080086178454,205.56270913372407,353.6848726860777,-438.31753757870865,0.3369749023413249,-0.2478568729677022,-3.81944858079288,13.219533512739872,-386.52866843486197,360,302,234,181,212.35143479966789
png_downsampled_xy235.png,449.72872297650605,204.04105015532832,353.55204628323634,-438.852378260912,0.3386980763976055,-0.2865292769712937,-3.943040315442147,13.218959379150107,-386.5091686788214,360,302,235,180,210.82539947027422
png_downsampled_xy236.png,449.6415716037757,202.87986696737917,353.53431957932196,-438.9170611273513,0.3553928674961071,-0.773359729177173,-3.7917197683201493,13.210170613659614,-386.2554531814106,360,302,236,179,209.66354483211072
png_downsampled_xy237.png,449.6592977709544,201.72962351385928,353.4775621180139,-439.27447493213293,0.35556286266876214,-0.7704974472682125,-3.6291111518611956,13.213895585308364,-386.3679560836881,360,302,237,178,208.5113739414734
png_downsampled_xy238.png,449.7918551416117,200.46978328180282,353.35670052423745,-439.6739093451078,0.35593709841836585,-0.772687272658402,-3.3423036326832403,13.197224605102377,-385.88669060192615,360,302,238,177,207.24750040471528
png_downsampled_xy239.png,449.9452020103681,199.56896642946327,353.31597412247027,-439.62402995641753,0.35692408535641107,-0.8026454863199888,-3.06267904047877,13.186957299715317,-385.59254659958475,360,302,239,176,206.34540591159714
png_downsampled_xy240.png,449.8315924356642,198.39394313934505,353.1941201453516,-440.0862557739663,0.36085461631810745,-0.9074647501784057,-2.982805259963925,13.178253018003204,-385.33973587163393,360,302,240,175,205.1661308937114
png_downsampled_xy241.png,449.802345654516,196.82436365032103,352.8154495312068,-440.17186196845313,0.3610921938522438,-0.9125364647280776,-3.077360811065091,13.164045161982955,-384.922146963611,360,302,241,174,203.58358150753355
png_downsampled_xy242.png,449.8723948149405,195.81713303985163,352.51111871480214,-440.3612593157786,0.3379009277733189,-0.2301441329804561,-3.522192839202205,13.145852699057457,-384.3803486373318,360,302,242,173,202.56599733633894
png_downsampled_xy243.png,449.7290337833315,195.05925648937168,352.2890748898996,-440.45190062669116,0.33094752427223284,-0.024801403360413588,-3.826681391070224,13.125122914603793,-383.76742105872273,360,302,243,172,201.80042094315033
png_downsampled_xy244.png,449.6685603905784,194.3802583390658,351.9176272447074,-440.4524822679841,0.3284556163935122,0.048088507713373474,-4.065866603128256,13.094256006720741,-382.8594591808943,360,302,244,171,201.10867646829863
png_downsampled_xy245.png,450.01766578701876,193.3579906923053,351.64854925133363,-441.0617866587854,0.3276028655006087,0.08638255290821917,-4.30592834536202,13.07387302108748,-382.25808604401567,360,302,245,170,200.07746980989756
png_downsampled_xy246.png,450.33587540997246,192.68205458042522,351.61139047717495,-441.63440623988834,0.3228283994950232,0.23856521577147305,-4.527985180216092,13.075356486858567,-382.29660369999687,360,302,246,169,199.4005016032017
png_downsampled_xy247.png,450.3626328536873,192.53836424575607,351.7440683846723,-442.18588053032545,0.33087290227501853,0.015386763128447,-4.421687563583873,13.07139999722807,-382.1832238832077,360,302,247,168,199.26136801107552
png_downsampled_xy248.png,450.14451867736534,191.78866066419624,351.6075817698917,-442.6001459714791,0.321644895973634,0.2943447812936597,-4.901330202136023,13.061615817430464,-381.8865673353591,360,302,248,167,198.50683404213785
png_downsampled_xy249.png,449.95926417517876,191.11859567649427,351.82792049359625,-442.62763978303207,0.3168113762176006,0.43630631052127455,-5.480441694666979,13.04482967433546,-381.3829544127762,360,302,249,166,197.8441643115642
png_downsampled_xy250.png,449.6719274453362,190.54718907122955,351.67863223675334,-442.5847276942563,0.31920655322920766,0.47216845777063554,-5.637882778992434,13.005653943571133,-380.2245150881388,360,302,250,165,197.26940418240414
png_downsampled_xy251.png,449.65209271251695,190.0106970347907,351.8539152484902,-442.37482698125,0.32339850454289376,0.34492389522750955,-5.692147473927548,12.982062333112879,-379.5333776143219,360,302,251,164,196.7388907373779
png_downsampled_xy252.png,449.3622594225733,189.39964393175518,352.02542772794436,-441.76469531812654,0.32890688884307906,0.17031152246897818,-5.381318783908455,12.951723101770568,-378.6529966289738,360,302,252,163,196.13348271503463
png_downsampled_xy253.png,449.3111086818191,188.755503378201,352.60302150551587,-442.12610027424466,0.33340837300701764,0.04667438751295094,-4.615204805443852,12.96297246513788,-378.99895998412217,360,302,253,162,195.5090536227046
png_downsampled_xy254.png,449.184752898297,188.30578378963537,353.08790627536763,-441.94464556358963,0.34404489415300077,-0.26841083439757085,-3.946919059513789,12.966674594949268,-379.1220372186704,360,302,254,161,195.07581842346812
png_downsampled_xy255.png,448.84800789528003,188.36785411354055,353.4813601608265,-441.62197707575007,0.3604499752324841,-0.7553263759386937,-2.8248316583982387,12.96345821334512,-379.052838967922,360,302,255,160,195.15108733825565
png_downsampled_xy256.png,448.7956268110497,187.91029303071778,353.34362476909797,-441.5534235339283,0.37198633032227235,-1.0942253684877414,-2.321001883791837,12.952110680610815,-378.73214564692546,360,302,256,159,194.6887768471911
png_downsampled_xy257.png,448.8731299956142,187.3081329980178,353.29756857260475,-441.48738640751793,0.3738680728362169,-1.1507201272455632,-2.3801737099476554,12.959234177013428,-378.9391606017243,360,302,257,158,194.08510069588894
png_downsampled_xy258.png,449.0176997515509,186.997551746695,353.39025401505444,-441.49130447227304,0.36035700723559216,-0.7555031296556081,-2.4043161796813024,12.969497895246604,-379.23878734979246,360,302,258,157,193.77779826921653
png_downsampled_xy259.png,449.302539104331,186.4690652653864,353.7843731822777,-441.7202774815465,0.35090328369309987,-0.47395577324562055,-2.4255730122352475,13.002225501549816,-380.19543288777066,360,302,259,156,193.2630041094039
png_downsampled_xy260.png,449.6118395035397,185.4105175565895,353.98714414999813,-442.66202447356966,0.34797788897762416,-0.3675344090256658,-2.115552648825883,13.033363840609837,-381.11294126707725,360,302,260,155,192.21162430376063
png_downsampled_xy261.png,449.8277065096289,184.6258431378612,354.1153259619688,-443.19706225839167,0.3384262165003804,-0.07634037575951425,-2.1923723685451932,13.053879299388598,-381.711212167447,360,302,261,154,191.4314964939791
png_downsampled_xy262.png,450.2647281703829,183.59573087930735,354.3975331636301,-443.8640062359215,0.3280375992809468,0.2422529909244986,-2.3261057824635145,13.075206955298455,-382.33197455220954,360,302,262,153,190.411365154074
png_downsampled_xy263.png,450.7269989036175,182.4745833211241,354.26943962240654,-444.38357538186835,0.31988970485150503,0.4920508613724337,-2.6573823203071925,13.076911602331649,-382.3744859994156,360,302,263,152,189.2861878386857
png_downsampled_xy264.png,450.92158507362706,181.3329153374131,354.56826214266505,-444.67613508586817,0.32592938897070667,0.3219036222118916,-2.5250413354008288,13.072641122371607,-382.2525286854609,360,302,264,151,188.15488522078948
png_downsampled_xy265.png,451.2419986471364,180.33362640256803,354.5271876323558,-444.81194144661623,0.3315599294824949,0.1602482247055832,-2.8129131247800387,13.056555952326448,-381.77573998412265,360,302,265,150,187.1544345670925
png_downsampled_xy266.png,451.17969072291976,179.71714105972336,354.6489753589253,-444.6577568669624,0.3355504520034174,0.040129061647235176,-3.2404970841628824,13.05062081623862,-381.5926924050767,360,302,266,149,186.54206641755712
png_downsampled_xy267.png,450.9977595027509,179.07335406415694,354.85690453271366,-444.3072539876548,0.3391618945515802,-0.07325420036448804,-3.338603287911951,13.052103945538704,-381.6338924593974,360,302,267,148,185.9052514924769
png_downsampled_xy268.png,451.3719687526055,178.53528111478983,354.7917477145562,-445.03934542977083,0.33027261146565934,0.20293485605225214,-3.5627261940043695,13.059937857562716,-381.8580282787143,360,302,268,147,185.36523411635054
png_downsampled_xy269.png,451.6399843554382,177.88312053433071,354.6403940307359,-445.68412942948635,0.3186602560275844,0.5568253100037168,-3.7485076077041413,13.066360562095781,-382.0417430515114,360,302,269,146,184.7081012327256
png_downsampled_xy270.png,452.10999578199153,176.99746896958757,354.8306305984154,-446.9118739668476,0.31345410703983134,0.7362846653247743,-3.6050174402431026,13.09743153586868,-382.9535911548034,360,302,270,145,183.82931074310346
png_downsampled_xy271.png,452.4737376998446,176.06836861246566,355.06112669770437,-447.94135337148333,0.2947515098029214,1.3060533053520658,-3.7058635504393465,13.12585882526659,-383.78271058557567,360,302,271,144,182.9083675721946
png_downsampled_xy272.png,453.10103892696,174.99163299089372,355.32061710257017,-449.3875349932824,0.2746190160505648,1.9268729754854803,-3.9775700941110017,13.162812041466424,-384.85738401581676,360,302,272,143,181.84098026910127
png_downsampled_xy273.png,453.32563037083736,174.34984615562692,355.74992820906795,-450.4513545367806,0.2596799022649918,2.387339752254036,-4.057024108998519,13.213988144726073,-386.35226496059636,360,302,273,142,181.2140434564913
png_downsampled_xy274.png,453.57656241162675,173.72178733129152,355.71378605783934,-451.00135449945054,0.25520784640440297,2.530312296958641,-4.221728792410147,13.231038489416932,-386.8472513759555,360,302,274,141,180.58493892313479
png_downsampled_xy275.png,453.83495718923757,172.1961796647442,356.2426120360591,-452.47445903546566,0.25433606775177964,2.571770248385519,-4.016186914497382,13.305785827339434,-389.03844645243845,360,302,275,140,179.07731614630134
png_downsampled_xy276.png,453.9403089881906,171.36155963893523,356.9912188624686,-453.53363756669864,0.2589585531962655,2.4600173641100582,-3.6227231150081707,13.359394488656562,-390.61493445366557,360,302,276,139,178.26837361242934
png_downsampled_xy277.png,453.9625623897793,170.12915285282088,357.8955752337922,-454.4528524802804,0.2539268137201134,2.627505625030949,-3.441122998817434,13.45310296847839,-393.35945346896864,360,302,277,138,177.06690714462596
png_downsampled_xy278.png,454.2822430952341,168.74243274469816,357.8339071690035,-455.064718684118,0.25021339838016843,2.749640276631112,-3.5130161541203506,13.48005171687771,-394.1459783306759,360,302,278,137,175.67832018662887
png_downsampled_xy279.png,454.8741642920639,167.49916262169936,357.677419598285,-456.16427063578664,0.24157694171452704,3.026537903050837,-4.102403969732052,13.522731885041424,-395.3811198526334,360,302,279,136,174.43014690037407
png_downsampled_xy280.png,455.5526242142454,166.54648250042752,357.46309046121723,-457.5201154657496,0.2300113505200443,3.394767805633876,-4.4460514634635615,13.561284297751342,-396.50098166090487,360,302,280,135,173.47065124877759
png_downsampled_xy281.png,456.2176395265868,166.08122127435337,356.99812779549336,-458.4152707215538,0.23224184175589357,3.3493401510046397,-4.4160118777508615,13.567811967492588,-396.69254770873084,360,302,281,134,172.9899941805453
png_downsampled_xy282.png,456.96672115075614,165.06186626261953,356.58988833542674,-459.74722909258094,0.24739084047891424,2.9357742809800698,-4.355298892619203,13.571970144262025,-396.8154965772884,360,302,282,133,171.95724650728624
png_downsampled_xy283.png,457.07302776359745,164.14551277197225,356.4976433557189,-459.97869128141616,0.23272431065453247,3.369816969309113,-4.902640101102804,13.607316568456696,-397.8370931551951,360,302,283,132,171.03781921506086
png_downsampled_xy284.png,456.9629711546752,163.09850417912958,357.3194644490228,-460.6508919063405,0.23857280001050185,3.2136487173576143,-4.276986713063536,13.684199279453253,-400.0993666057254,360,302,284,131,170.0188286499636
png_downsampled_xy285.png,457.20711258423376,162.24706378436315,357.9320031782079,-460.89325731125484,0.22838625828072168,3.516915481522119,-4.183821668864994,13.759049683264067,-402.29042537685376,360,302,285,130,169.18851803332078
png_downsampled_xy286.png,457.63240246243345,161.602801602577,358.3514217175332,-461.5406977745827,0.21592876637009795,3.895557343198675,-4.409555400365264,13.82812945704029,-404.3056674455407,360,302,286,129,168.55891912416544
png_downsampled_xy287.png,457.66937777354815,160.64354892794725,359.21316214158054,-462.1042085309853,0.21274873282456497,4.001023467930565,-4.51496380060496,13.910321749541424,-406.7070466007354,360,302,287,128,167.62916069778214
png_downsampled_xy288.png,458.0973671921686,159.2180848689581,359.62142977236726,-463.2338467259812,0.21246031557743095,4.034448466204822,-4.384261212473348,13.970078407467554,-408.45751965990695,360,302,288,127,166.21798065992277
png_downsampled_xy289.png,458.2963900073034,158.13984106409185,360.07844222781887,-464.10795949617324,0.23307349946074396,3.450953911771137,-3.9346481891495273,14.00047311019,-409.3563583100393,360,302,289,126,165.1555144498625
png_downsampled_xy290.png,458.6233977918939,157.64529508044595,360.3045081957026,-464.87742426492275,0.2596944917015662,2.6894461817232695,-3.430129151280653,13.98737937371834,-408.984593560702,360,302,290,125,164.6689459116576
png_downsampled_xy291.png,458.86991957695113,157.1339999844967,359.9091189406448,-464.7013711984331,0.26345015804523086,2.575717133577257,-3.317922105446087,13.932794384545588,-407.3907395341894,360,302,291,124,164.14431739088567
png_downsampled_xy292.png,459.21110629602526,156.35990161493677,359.21794166968846,-464.66070264924156,0.26486961902838857,2.5333053816838174,-3.7714421642746743,13.867255305682505,-405.4640182547944,360,302,292,123,163.3468430556931
png_downsampled_xy293.png,459.040983970265,155.12104078898443,358.6213549640574,-464.0246604714837,0.28247031429515346,2.0045028151986912,-3.809428286768764,13.790994396508125,-403.2329299855225,360,302,293,122,162.0874539050358
png_downsampled_xy294.png,458.93897534324503,153.75902353322073,357.345187694801,-462.72837645018683,0.283562522101505,1.9438843728735264,-3.8561713249075638,13.704610893682116,-400.70561305852306,360,302,294,121,160.68172232971378
png_downsampled_xy295.png,458.88728580750313,152.68760554218625,356.7022289105364,-462.44203128497975,0.28846488352559163,1.7941803648546966,-3.6979467843630687,13.641659563643628,-398.86810367194585,360,302,295,120,159.58827996035214
png_downsampled_xy296.png,458.8392727781254,152.51437527883118,356.41823631700925,-461.78203177954987,0.2846221037528096,1.8919615463689752,-4.053458891926425,13.598452775631785,-397.5966577136376,360,302,296,119,159.40530255837479
png_downsampled_xy297.png,458.6698502820352,152.34020868968886,356.1585692725243,-461.05196608863884,0.2758200075708146,2.1332277682536755,-4.3670798888474,13.5519030269285,-396.2283737067456,360,302,297,118,159.22212877629278
png_downsampled_xy298.png,458.1515985598594,151.90313927244515,355.8566571234529,-460.4536804017236,0.278617305452741,2.038185278371202,-4.3636058517819265,13.496395996304443,-394.605149164561,360,302,298,117,158.77434376692315
png_downsampled_xy299.png,458.22382524032975,150.48054856007104,355.31170397965565,-460.3658191599041,0.2600828582696977,2.5782808241909265,-4.975612069959482,13.451745722564453,-393.28581424158284,360,302,299,116,157.33317360739954
png_downsampled_xy300.png,458.42362577084043,149.11588477519842,355.7320038452834,-460.7514020768064,0.2603339788303174,2.540840574646438,-4.832963457355675,13.444323442812731,-393.07584007782197,360,302,300,115,155.9823116525554
png_downsampled_xy301.png,459.25801794437416,147.3461332011115,355.657850249895,-461.98387868796095,0.24955266914642493,2.8833045008578324,-5.27661605779997,13.426403728919837,-392.54199642264933,360,302,301,114,154.21065327941054
png_downsampled_xy302.png,459.7979259637425,145.44436797452647,355.7805520857051,-462.6919465879331,0.23089161054136298,3.444656790330839,-5.802528593518559,13.424316455059937,-392.4693630378407,360,302,302,113,152.31349054621367
png_downsampled_xy303.png,460.0703862421814,141.98466115448343,356.04673390717426,-463.23841831300416,0.24930029243509466,2.9183342527874743,-5.443541531030519,13.393101864797558,-391.56439669814654,360,302,303,112,148.86309076679103
png_downsampled_xy304.png,460.4896665510948,140.10588350491605,356.1450863542394,-463.36392075800507,0.24967346199562712,2.9101871124645413,-5.673182787627752,13.37566072032564,-391.0492652593341,360,302,304,111,146.98799211355563
png_downsampled_xy305.png,461.3440792386355,138.50478818637546,356.49305112332854,-464.4408574365878,0.26345340431285535,2.5309243285796583,-5.493937640407069,13.374585426588624,-391.0217681965875,360,302,305,110,145.39943884911224
png_downsampled_xy306.png,462.27850054458753,136.29682914842678,356.79821239598414,-466.0785006719754,0.2720782505762429,2.3147808373841485,-5.023047119755688,13.400061663057159,-391.77720425214847,360,302,306,109,143.20261855384376
png_downsampled_xy307.png,463.669616980233,135.4293868513075,356.684895241057,-468.38223609310586,0.2822105836990545,2.069230240270713,-4.517112786081327,13.410224612169799,-392.08557203801865,360,302,307,108,142.3323498668663
png_downsampled_xy308.png,464.6928926950102,134.22532183660277,357.300951186046,-470.4940579112323,0.29897787452065927,1.6254093022699294,-3.9437938628934717,13.464261911007839,-393.6785403897649,360,302,308,107,141.15012116340517
png_downsampled_xy309.png,465.7634572830681,133.7707102670041,357.62863242291206,-472.3636357838259,0.3008675026563594,1.6113502531739528,-3.8903099241078962,13.497089083323857,-394.6397572029938,360,302,309,106,140.7075209680055
png_downsampled_xy310.png,466.78580954210065,133.32548380328396,357.51282615381706,-473.99392109186977,0.2986568633143918,1.7119306289062024,-4.029453866644303,13.507519264358365,-394.9417236002832,360,302,310,105,140.2591051049209
png_downsampled_xy311.png,467.853352321121,132.6287969101293,357.46478762854997,-476.06730099557933,0.3232061026363908,1.0396770905419999,-3.8568545225356843,13.494547682589427,-394.56617055484895,360,302,311,104,139.56158008391807
png_downsampled_xy312.png,468.7826383899529,131.81591110110816,357.1366703625855,-477.70508924703404,0.34580237110324674,0.4149389266440835,-3.3303909848423245,13.472370858476836,-393.92920672276,360,302,312,103,138.73817506018003
png_downsampled_xy313.png,469.12985398718666,130.79200812673105,357.26261529531405,-478.9171727226271,0.3842853997105351,-0.6837938252590448,-2.3905924758567494,13.458986369490958,-393.5584863488779,360,302,313,102,137.71884024336148
png_downsampled_xy314.png,469.388573674899,129.75727031047714,356.8330244769861,-479.68227992435726,0.4084956294348103,-1.374966017293275,-1.7661295232498446,13.416749887971463,-392.3370331667152,360,302,314,101,136.66960812446914
png_downsampled_xy315.png,469.69937797587943,128.69720362295948,356.7177583149412,-481.1886287406842,0.44421407227085297,-2.3863626761275327,-0.7307185405304608,13.399730729785801,-391.86212325006437,360,302,315,100,135.60583427586525
png_downsampled_xy316.png,470.034120664676,127.25558182461982,356.1902533752526,-482.28843241641124,0.45641680269595497,-2.718996344187815,-0.5098498456699758,13.351374265993016,-390.4527950171533,360,302,316,99,134.1464274307942
png_downsampled_xy317.png,470.60112951684596,125.79658042935705,355.7577959750131,-483.85004188313496,0.4549626632203001,-2.6420540678749944,-0.6395125398366872,13.323365126138242,-389.6308037152349,360,302,317,98,132.6730660394239
png_downsampled_xy318.png,471.2462606136105,124.77851787687034,356.33163487201455,-485.7248010047997,0.46141549500576673,-2.7894516534368563,-0.5407065111945144,13.32182084817505,-389.5878186068993,360,302,318,97,131.6751112625277
png_downsampled_xy319.png,471.6611550835795,124.10371601434174,357.13851169704344,-486.9698869137911,0.46846442330374316,-2.968158991229757,-0.2724845382925878,13.353744762022373,-390.52735209249926,360,302,319,96,131.02821209026908
png_downsampled_xy320.png,472.51576019631204,123.14558860478567,358.1517277226384,-489.8372680575547,0.48090273772790226,-3.268727066129486,-0.0712929536430238,13.404607844767128,-392.0192887570685,360,302,320,95,130.10537420696247
png_downsampled_xy321.png,472.89632621767936,122.43426413856535,358.5373702247107,-491.4534278151363,0.48873515575516535,-3.4621700306294088,-0.08797046295927657,13.426161068995938,-392.64925029387797,360,302,321,94,129.40752303380447
png_downsampled_xy322.png,473.83724098068956,121.61537337428852,359.3189935991412,-493.628294634369,0.4667614080126299,-2.771611495479192,-0.5730619968039719,13.482757750174912,-394.2937425691316,360,302,322,93,128.61606784909148
png_downsampled_xy323.png,473.8690133654767,120.25366703226767,360.01229059221873,-494.4171765951949,0.4744807036237546,-2.979978386559651,-0.10238414920064542,13.52530385508625,-395.5483864731585,360,302,323,92,127.27809177061684
png_downsampled_xy324.png,475.25288195889425,118.88662255605723,361.17343489140575,-496.78206433076343,0.4898541371892833,-3.3774592748903274,0.24279801456884798,13.552945210909911,-396.3643718078365,360,302,324,91,125.95179386029245
png_downsampled_xy325.png,476.3546981094814,118.1441795337738,361.4011126877832,-499.02549953184035,0.4867454383410177,-3.2432766365101315,0.1844979315216051,13.583585600969982,-397.2600044901512,360,302,325,90,125.21784685016148
png_downsampled_xy326.png,477.2140769530174,117.06447765253623,362.5142009447833,-501.34311416441506,0.515844207512103,-4.043230004919451,1.385043971132859,13.624998096332263,-398.4975687751854,360,302,326,89,124.17685264228763
png_downsampled_xy327.png,478.4619761350756,116.09419146191513,363.4553327927588,-503.30522977378365,0.5086602069034569,-3.789913262985692,1.3775077227076622,13.68282617047845,-400.1886016913862,360,302,327,88,123.23968695084838
png_downsampled_xy328.png,480.20874633205756,116.01785245001098,363.73620695751,-505.0922817750369,0.47273643548875555,-2.6999495835683547,0.832098460964005,13.71829441678041,-401.21386750147394,360,302,328,87,123.17426762147969
png_downsampled_xy329.png,481.71655660878434,115.66076237331147,364.60317948895283,-507.7459909143306,0.4790783064165396,-2.826967529784042,1.303601392015878,13.794956571697739,-403.46626011605764,360,302,329,86,122.84795803103903
png_downsampled_xy330.png,484.8706278597655,114.621838358101,364.52598625318495,-512.0760351435472,0.41102546201697976,-0.7413669361578741,-0.5247965219815569,13.898552563978456,-406.45568225563903,360,302,330,85,121.80877002660428
png_downsampled_xy331.png,487.8946602314611,113.82239494602793,364.6826949620946,-516.0021817837796,0.3517945083876697,1.0773384783077518,-1.6924605950219416,13.946286447752541,-407.8259542520069,360,302,331,84,121.01696262015307
png_downsampled_xy332.png,489.87447841928747,113.95322779956658,365.44344186590115,-518.0091028845538,0.37483368400297934,0.4477564250220212,-1.3856299802711192,13.910848692580359,-406.7963250531121,360,302,332,83,121.17529922502524
png_downsampled_xy333.png,490.0622656965275,114.49633110326582,365.4513559080319,-517.8104083312062,0.4044788164603119,-0.4236010094203948,-0.6451523641521817,13.8685487393644,-405.57556068610756,360,302,333,82,121.71881456448156
png_downsampled_xy334.png,490.8446870370275,114.93079854978353,365.2004284484543,-519.4564900143636,0.4112255087692773,-0.5846528192535061,-0.3494921207488346,13.837134379324112,-404.66335087709166,360,302,334,81,122.14529120094349
png_downsampled_xy335.png,491.08695892960185,114.63390360359429,365.04670099581404,-519.6748775901699,0.40203233473998523,-0.3109858874880729,-0.9293805897574998,13.79561719921469,-403.4363960539945,360,302,335,80,121.84332222943759
png_downsampled_xy336.png,494.7737796904212,116.02279272878033,364.59505055899643,-524.0572700863993,0.3982613021297823,-0.10417348817782113,-1.4175733504215486,13.760787345013142,-402.4070339009657,360,302,336,79,123.21954457672969
png_downsampled_xy337.png,499.11829522240737,111.43700030015567,364.4604597211378,-531.9319845686196,0.398399870804937,0.06522675046983295,-2.7629774372342126,13.744283419785532,-401.8947370324329,360,302,337,78,118.63242215390119
png_downsampled_xy338.png,503.21866495465247,108.72258667557243,364.5919150309342,-544.225435072357,0.4136215292441108,-0.10915396062824811,-2.728961638042904,13.77848543538282,-402.89573404999857,360,302,338,77,115.92559170301452
png_downsampled_xy339.png,502.42802819129395,118.1325284643641,360.0139998791773,-531.7556662318248,0.48292419415564325,-2.4105937536201054,1.0720227694645246,13.321390387007824,-389.61157714934455,360,302,339,76,125.17840293023545
png_downsampled_xy340.png,501.8864824167372,139.11642698093942,353.4535162362067,-520.9793290087706,0.5209634237201897,-3.760425106384332,1.3979230687337463,12.858896972030749,-376.0929998693249,360,302,340,75,145.93756746060214
png_downsampled_xy341.png,507.08451791598367,144.00867834786106,345.79237293585015,-527.5902103281942,0.34999230819411764,1.3852884095456943,-4.243996698850594,12.658923288124356,-370.1204399091765,360,302,341,74,150.57177218021548
png_downsampled_xy342.png,535.1441627082795,152.7174571858153,341.0534396751979,-582.3563408287752,0.27384380416063436,4.818574421655228,-8.138989088332664,12.770326934444881,-373.2926795777394,360,302,342,73,159.13964354474282
png_downsampled_xy343.png,545.459744717557,147.89983357417847,335.7528059003844,-604.0406739411768,0.25839629968584177,5.74796825424653,-10.953445000043985,12.680403160328012,-370.6008403373496,360,302,343,72,154.1485417890885
png_downsampled_xy344.png,530.4836899452741,114.82170033875381,335.96740813964556,-581.5773466062901,0.3158848290660501,3.571911699046268,-8.542772597311341,12.70778831034481,-371.4548258722701,360,302,344,71,121.06646715855122
png_downsampled_xy345.png,510.89415505263355,102.88878633738517,336.3786417948095,-552.3477018796152,0.4670314812342298,-1.492240433381312,-3.070482094697354,12.576676576411344,-367.7409596968271,360,302,345,70,109.13286062254973
png_downsampled_xy346.png,492.90081146312525,95.52117038748625,332.0346650720163,-519.8277231988661,0.556501919796105,-4.825128134086185,-0.5494954478099885,12.374514699685918,-361.88420475476596,360,302,346,69,101.60315685936385
png_downsampled_xy347.png,481.21032395749234,91.26291719614184,328.97499479853457,-500.0402261135942,0.6809407919457442,-8.900224901527622,3.3315822451760937,12.201179565432241,-356.90045364286766,360,302,347,68,97.23147794631167
png_downsampled_xy348.png,475.4315669234652,95.08802470032633,330.919434478442,-489.26957501022264,0.7547087063587412,-11.294827264314904,5.695965701811701,12.163466596194965,-355.84960550889446,360,302,348,67,101.11872040116563
png_downsampled_xy349.png,480.45135195616547,105.43893184768295,338.5304202841059,-500.4997486394014,0.8134983483777916,-12.766787084724228,7.317201710985955,12.359902305103148,-361.6301353291113,360,302,349,66,111.73365477916074
png_downsampled_xy350.png,475.38119014274383,106.28485915714032,337.0580422337057,-490.28840494777927,0.7431735732009344,-10.903793907208524,6.0470466174616035,12.315552944024134,-360.30101453366103,360,302,350,65,112.52603021936642
png_downsampled_xy351.png,463.9593653949373,103.89678663336002,336.13678246490804,-464.9776519802558,0.6870876702457736,-9.822669883039111,5.498044378144186,12.202861291105478,-356.9932282245782,360,302,351,64,110.09782891687996
png_downsampled_xy352.png,458.94847315311847,105.37354155287494,331.8707193750281,-453.63283154796767,0.619596004274996,-8.099483060886598,4.435115706186593,12.033517700825826,-352.0173077716099,360,302,352,63,111.42492534924226
png_downsampled_xy353.png,454.99081161710353,104.51324569297255,330.3489015637553,-444.9259064034843,0.5952634598963158,-7.580211706994248,3.7538172690977945,11.973221598161913,-350.2389031022419,360,302,353,62,110.50960316532773
png_downsampled_xy354.png,454.324335269491,104.3738071769016,331.1154206426688,-444.7144227603635,0.6034251934011508,-7.823572434269977,4.6621909166956925,11.998771179935275,-351.006164326242,360,302,354,61,110.39587156914575
png_downsampled_xy355.png,455.16675403020423,101.56187041151892,333.0267120499628,-448.49853380825186,0.6212841119305068,-8.262265792398978,5.429186170615424,12.07164138702528,-353.1541907594987,360,302,355,60,107.64992574036066
png_downsampled_xy356.png,454.79642250859644,101.29211365569144,333.0785960411755,-446.14815319867967,0.5813434338940056,-7.1461224260164045,4.4912150781617015,12.090845673510174,-353.6950993188748,360,302,356,59,107.38166338297154
png_downsampled_xy357.png,455.87036725541884,97.94914567675879,333.65351100601015,-447.82340185429047,0.5494377016484862,-6.1760360161533185,3.839852907760701,12.13450793781169,-354.9576107053509,360,302,357,58,104.05916521099044
png_downsampled_xy358.png,457.3728426464048,97.26958599031013,334.65549117208576,-450.3470817197655,0.5308631256722691,-5.5770768898962615,3.0764977517540615,12.203116314209709,-356.9471954232214,360,302,358,57,103.415002064861
png_downsampled_xy359.png,455.91510722133887,94.9138476704004,334.0403071283813,-448.1475108635123,0.5075179232288178,-4.942935939793415,2.5279077321500836,12.183682328116532,-356.36673181198273,360,302,359,56,101.03712708813096
png_downsampled_xy360.png,457.27860758238637,93.97627857819761,334.5848440317701,-450.0982078345772,0.44800322181093577,-3.159343257484011,0.9227825150787794,12.250001803593037,-358.2707834494823,360,302,360,55,100.11920775727549
png_downsampled_xy361.png,457.4104958654359,94.3103735786406,335.3695490336024,-450.47879387202715,0.43896911007175277,-2.8867343416847575,0.7327318095796613,12.28040381856367,-359.1556899965632,360,302,361,54,100.48023455268302
png_downsampled_xy362.png,457.46125175862596,95.29927395939049,336.660437868636,-451.0005908033829,0.46193750162674974,-3.5469168892973926,1.8159046303756554,12.314206455010591,-360.16817243372896,360,302,362,53,101.51331388089221
png_downsampled_xy363.png,457.7885446515419,94.68836112790717,336.7349959368117,-450.9018654599312,0.43683599637563475,-2.81500626578503,1.0019391814622054,12.352889889809873,-361.28148648275595,360,302,363,52,100.90519769529915
png_downsampled_xy364.png,459.4565128451637,95.41346702083082,336.6983299788348,-452.3162075528048,0.3654451733903983,-0.6959444337906007,-0.8837734080537416,12.386263712212426,-362.2158468679147,360,302,364,51,101.63030970499223
png_downsampled_xy365.png,458.85651051884486,95.20472664427409,335.93252857529325,-450.8292038451373,0.3598372820792406,-0.564789803297856,-0.8218662868808906,12.367520857530039,-361.6690809701154,360,302,365,50,101.39493033374968
png_downsampled_xy366.png,458.10399041846154,96.63128634616018,336.1853838804408,-448.51369050243795,0.41433550279809594,-2.209735172984267,0.769473680857061,12.35033050924892,-361.201502524905,360,302,366,49,102.829567756232
png_downsampled_xy367.png,456.4211856018121,95.89028291188221,334.8898485858477,-444.4858114415656,0.42700973655367136,-2.66936614714956,1.292941219212139,12.248475222093745,-358.234315335536,360,302,367,48,102.04299376295624
png_downsampled_xy368.png,454.2934303248062,91.62765690895347,332.7538945202282,-440.69175590429154,0.4183082593995664,-2.4987010802054783,1.0195691535457172,12.140177840555637,-355.0611277243512,360,302,368,47,97.70572386413241
png_downsampled_xy369.png,453.0866553093519,88.67807527063256,331.97588114812305,-439.12146128764766,0.426343438191509,-2.7683769180939066,2.2360744655020994,12.054405968618198,-352.57960773767655,360,302,369,46,94.72862734128805
png_downsampled_xy370.png,454.1759651260675,86.89354853351881,332.1210882718898,-441.6803898537687,0.39527474004361807,-1.8032497926728865,1.5277537940815478,12.071743699024978,-353.07100188502307,360,302,370,45,92.94988859474859
png_downsampled_xy371.png,456.8754524237047,87.02943639481761,332.99944753739703,-445.9416002190274,0.32609308530660996,0.31409087679116965,-0.4456093673536543,12.145574907558341,-355.1865993875671,360,302,371,44,93.11785004574685
png_downsampled_xy372.png,459.3965995956231,87.00144419205137,334.0100365306281,-449.615883401883,0.24072341191045155,2.891884419435655,-3.733664918216732,12.25171996379072,-358.2181719854606,360,302,372,43,93.12631819340186
png_downsampled_xy373.png,462.84407185476994,86.35887976769534,335.3017975722019,-455.25396866627136,0.19964089153565112,4.2178829905592465,-6.184407720367744,12.346457646616201,-360.93463266527965,360,302,373,42,92.530528188109
png_downsampled_xy374.png,465.26782437701854,86.00816189268298,335.7534245473523,-459.53193339031566,0.19577248313396467,4.425513051323264,-7.585905806837843,12.372733816801173,-361.6721188221562,360,302,374,41,92.19708396936767
png_downsampled_xy375.png,466.5084614137771,84.70884846779963,335.66515713169827,-462.40083846142824,0.24043184611723234,3.246366130627166,-7.581531957614118,12.38096185364492,-361.91582227792964,360,302,375,40,90.89674275114915
png_downsampled_xy376.png,467.54911144323125,84.59489530341055,336.4021172353233,-464.92338621037044,0.2900849978908724,1.8503163082822311,-6.875858715549157,12.401305323292675,-362.52645726610956,360,302,376,39,90.80877981657986
png_downsampled_xy377.png,468.5153554611747,84.88632345890808,337.0047881929834,-466.8638973425086,0.33376992793620275,0.6158716098452146,-6.49537981877387,12.420055067171518,-363.0832551983567,360,302,377,38,91.12154982395577
png_downsampled_xy378.png,469.10260815778986,85.29082860612905,337.0475457884156,-467.6556101985172,0.34511577609434596,0.30165695872619835,-6.430490013941949,12.432604388664942,-363.45170557246183,360,302,378,37,91.52796333413116
png_downsampled_xy379.png,468.9959464387447,85.77700229354814,337.65539002360305,-467.9300881113847,0.36728546672343043,-0.3406003552254333,-5.965095075619331,12.464590448679147,-364.3974903342522,360,302,379,36,92.03484032967799
png_downsampled_xy380.png,469.0030458088972,86.34039633276831,338.28197537482026,-468.30731638861135,0.36708823814551295,-0.3264476397084195,-6.123868477653957,12.507224700547965,-365.6408106544881,360,302,380,35,92.61966496458635
png_downsampled_xy381.png,468.98716496638474,86.95222672396427,339.143624128443,-468.84006911130865,0.37822698978312985,-0.6403616594654977,-5.72060426589519,12.55527379576776,-367.0549819247013,360,302,381,34,93.26094614629287
png_downsampled_xy382.png,468.63884494692945,87.58828261974872,340.10395892643885,-469.16132658557035,0.4058179365593446,-1.4401251554654664,-5.023831432288887,12.593200845454007,-368.1796552983495,360,302,382,33,93.92957460043834
png_downsampled_xy383.png,468.0563592992948,87.7143829525061,341.220652210977,-468.6873172966791,0.4359516008738069,-2.331927616269013,-4.2576954557757745,12.613287714512936,-368.7841298516656,360,302,383,32,94.09341597634884
png_downsampled_xy384.png,468.49289446242733,86.73914081747279,341.07922510437805,-468.42403447890825,0.3912543319090247,-1.0305967556286078,-5.482540736193073,12.644975713331988,-369.68362850998705,360,302,384,31,93.11366972011771
png_downsampled_xy385.png,468.67958162087996,84.86123247024655,339.76356256959224,-467.4940707436832,0.33833126212132925,0.49648127765885874,-6.665311186199119,12.629145458028376,-369.1943790967178,360,302,385,30,91.19091604065072
png_downsampled_xy386.png,468.384758908267,81.96610500660768,337.64041085717247,-465.4475211451005,0.2974593492503885,1.6463016760929463,-7.6598142589691065,12.558275353334807,-367.0996601167992,360,302,386,29,88.22296633431596
png_downsampled_xy387.png,468.1635430480048,78.24043713118468,335.44027964039765,-462.4943819692732,0.26316252467341883,2.5836810720725225,-8.187754552353056,12.467770226215805,-364.4410803414027,360,302,387,28,84.42189995428004
png_downsampled_xy388.png,468.17277836993173,74.56141889456784,333.5467330199406,-460.1491508697428,0.2239576484748369,3.6781097457876513,-9.248981117685389,12.421415758542892,-363.061844250466,360,302,388,27,80.67814158878411
png_downsampled_xy389.png,468.6063017635312,74.01795562283175,333.89930999570777,-459.4967227681055,0.20014517918546915,4.3600097824805175,-9.851680369866358,12.426117979427175,-363.18596559170106,360,302,389,26,80.14706367746108
png_downsampled_xy390.png,468.0526122106561,74.75794489874208,335.0275219509631,-458.0422019417622,0.2091842718245971,4.063329389745036,-9.211412710274999,12.394515155637322,-362.2759644048682,360,302,390,25,80.92520974706271
png_downsampled_xy391.png,468.26026880017315,74.60010478912567,335.81506997090224,-458.16866215826957,0.20686817422418358,4.13387509140756,-9.715439322175996,12.445412554240903,-363.7532685278753,360,302,391,24,80.79445655253375
png_downsampled_xy392.png,466.9022013725818,74.93155346865261,336.0895669949879,-456.32499389465147,0.25034995640736213,2.8212599635786546,-8.517725518621944,12.406762142550704,-362.6495493073835,360,302,392,23,81.13425910298044
png_downsampled_xy393.png,465.72410792342043,75.25726389386216,336.31647444898715,-455.2040198809973,0.28691754708817996,1.7269155223340817,-7.254404613109557,12.398520121677379,-362.4365893691003,360,302,393,22,81.4668329257107
png_downsampled_xy394.png,465.96519657401757,74.43121991811073,335.663116523054,-455.12140850591976,0.2578723730524928,2.5745127127209457,-7.949022223462634,12.356444347566097,-361.1906334153807,360,302,394,21,80.61863153338662
png_downsampled_xy395.png,465.97837429170346,73.25060447823567,335.1540426466742,-455.1135615059097,0.2680133470214372,2.27776295938952,-8.171363755723121,12.319526895300498,-360.1060312331815,360,302,395,20,79.42061904758997
png_downsampled_xy396.png,464.7566825823779,71.8369998192448,335.0941251303536,-454.3284106930297,0.31869380417367665,0.7781485682504012,-7.047769655056072,12.302667496554918,-359.63794818313795,360,302,396,19,78.00403707576024
png_downsampled_xy397.png,465.5212018100699,71.94109158462753,335.1094467271055,-453.8700861731422,0.2883149029530472,1.6563999686022726,-7.4601352159741054,12.30093509385425,-359.57811792365607,360,302,397,18,78.10923379701441
png_downsampled_xy398.png,464.57915326675607,72.78446937148439,335.4469952051944,-452.37799166021324,0.3069216236845733,1.0790767220058228,-6.342139029054408,12.284729694303536,-359.1290368205814,360,302,398,17,78.96343759499545
png_downsampled_xy399.png,464.6730329315068,74.2874256042205,336.86755888389354,-452.58346896726187,0.32382836324285336,0.5892020369837496,-6.372164973942233,12.35443977640962,-361.1670582821779,360,302,399,16,80.51503934436421
png_downsampled_xy400.png,462.7931439065911,77.91314874517141,338.08973771054565,-447.3066997907558,0.30234641837596143,1.229666545540681,-6.825086298603765,12.403946227822829,-362.51001111946846,360,302,400,15,84.18501383206916
png_downsampled_xy401.png,461.8761525062336,78.61642444566044,339.03962053716026,-443.84901251394416,0.258646714920431,2.429510017917096,-6.4934031461346535,12.413333959483666,-362.7919541333872,360,302,401,14,84.92007171173336
png_downsampled_xy402.png,459.0133851994284,81.07457163895602,339.869628924868,-436.73669596331376,0.20218358617468368,3.9202558724064147,-6.604593234024378,12.404125246171773,-362.5202088745296,360,302,402,13,87.4044029471667
png_downsampled_xy403.png,458.53617940507615,81.20038735108369,341.48919281081413,-435.4290480097336,0.22765403454977218,3.1461196308731587,-6.552892427652068,12.4702881469007,-364.4558280245574,360,302,403,12,87.58524411208536
png_downsampled_xy404.png,457.33256363195005,89.35800676377671,342.75903659920436,-430.87550962573283,0.12965384276931502,5.9089185892896126,-9.380438161840175,12.52777424877982,-366.0729404689879,360,302,404,11,95.78536843168563
png_downsampled_xy405.png,456.5202506235072,89.16141670254098,341.39420749794806,-427.83832047779754,0.11650761248696995,6.224912912990362,-9.191474084406082,12.498397164103054,-365.2182740847157,360,302,405,10,95.54147257861739
png_downsampled_xy406.png,453.55444314260825,97.56551389337491,339.0726897794492,-422.1416163820802,0.0870423630670274,6.958168871946725,-9.208674119940667,12.362907079453237,-361.25645973744975,360,302,406,9,103.86388490318144
png_downsampled_xy407.png,450.47910834272557,105.39040196573212,333.86026859237444,-411.30478312411617,-0.023648169283362108,9.950557849577251,-12.054687857252702,12.09012969543086,-353.2169905153402,360,302,407,8,111.50812811060122
png_downsampled_xy408.png,437.7193317727788,118.47744948372303,330.74521572805094,-387.82382057305426,-0.06962239998978248,10.766146987306854,-11.56439545680962,11.770990516979225,-343.8971117522077,360,302,408,7,124.47880913338156
png_downsampled_xy409.png,433.2892962773957,119.62738932545537,329.3379635186702,-382.2368627456367,0.0686373957339299,6.597968193656982,-7.189113958027235,11.667590542098196,-340.97242236308546,360,302,409,6,125.57720674733623
png_downsampled_xy410.png,428.2098348213818,134.62937701849285,329.28144399912907,-374.15655012076434,0.09954443786062939,5.512414431704258,-6.116742107186326,11.556165997235837,-337.73875862198844,360,302,410,5,140.57335040803736
png_downsampled_xy411.png,431.2600100809897,141.4649717822835,332.832391423472,-381.8379363820886,0.1477793383145638,4.275054258571515,-4.287229828248485,11.81110508122913,-345.23379273320813,360,302,411,4,147.53274437195645
png_downsampled_xy412.png,437.6052050729631,134.79506080208034,335.2805686086226,-393.41495884823,0.044010677406447485,7.5696354632002,-6.813694403796205,12.197052666769537,-356.46116241198325,360,302,412,3,140.95145226856502
png_downsampled_xy413.png,437.47114437601806,113.02029996948012,337.6624118333771,-392.56290547167407,0.10785508172331504,5.683786720200885,-5.582402071652496,12.098074153560447,-353.59497036808455,360,302,413,2,119.25805283168508
png_downsampled_xy414.png,428.7352764310981,120.66558632126753,337.6278297430105,-378.6889952879151,0.163161244412251,3.754433940176284,-4.688147013330763,11.8959654839082,-347.705895880751,360,302,414,1,126.89543021143949
png_downsampled_xy415.png,442.4974045597231,81.50548857298465,340.29761811698927,-406.2724525498762,0.14897888399696058,4.790042843132255,-6.02469937961223,12.177224080513398,-355.8991804429959,360,302,415,0,87.83724163088323
